x,y,z,vx,vy,vz,Bx,By,Bz
1e-06,1e-06,1e-06,1e+06,1e+06,1e+06,1,1,1
2e-06,2e-06,2e-06,1e+06,1e+06,1e+06,0.99995,0.99995,0.99995
3e-06,3e-06,3e-06,1e+06,1e+06,1e+06,0.9998,0.9998,0.9998
4e-06,4e-06,4e-06,1e+06,1e+06,1e+06,0.99955,0.99955,0.99955
5e-06,5e-06,5e-06,1e+06,1e+06,1e+06,0.9992,0.9992,0.9992
6e-06,6e-06,6e-06,1e+06,1e+06,1e+06,0.99875,0.99875,0.99875
7e-06,7e-06,7e-06,1e+06,1e+06,1e+06,0.998201,0.998201,0.998201
8e-06,8e-06,8e-06,1e+06,1e+06,1e+06,0.997551,0.997551,0.997551
9e-06,9e-06,9e-06,1e+06,1e+06,1e+06,0.996802,0.996802,0.996802
1e-05,1e-05,1e-05,1e+06,1e+06,1e+06,0.995953,0.995953,0.995953
1.1e-05,1.1e-05,1.1e-05,1e+06,1e+06,1e+06,0.995004,0.995004,0.995004
1.2e-05,1.2e-05,1.2e-05,1e+06,1e+06,1e+06,0.993956,0.993956,0.993956
1.3e-05,1.3e-05,1.3e-05,1e+06,1e+06,1e+06,0.992809,0.992809,0.992809
1.4e-05,1.4e-05,1.4e-05,1e+06,1e+06,1e+06,0.991562,0.991562,0.991562
1.5e-05,1.5e-05,1.5e-05,1e+06,1e+06,1e+06,0.990216,0.990216,0.990216
1.6e-05,1.6e-05,1.6e-05,1e+06,1e+06,1e+06,0.988771,0.988771,0.988771
1.7e-05,1.7e-05,1.7e-05,1e+06,1e+06,1e+06,0.987227,0.987227,0.987227
1.8e-05,1.8e-05,1.8e-05,1e+06,1e+06,1e+06,0.985585,0.985585,0.985585
1.9e-05,1.9e-05,1.9e-05,1e+06,1e+06,1e+06,0.983844,0.983844,0.983844
2e-05,2e-05,2e-05,1e+06,1e+06,1e+06,0.982004,0.982004,0.982004
2.1e-05,2.1e-05,2.1e-05,1e+06,1e+06,1e+06,0.980067,0.980067,0.980067
2.2e-05,2.2e-05,2.2e-05,1e+06,1e+06,1e+06,0.978031,0.978031,0.978031
2.3e-05,2.3e-05,2.3e-05,1e+06,1e+06,1e+06,0.975897,0.975897,0.975897
2.4e-05,2.4e-05,2.4e-05,1e+06,1e+06,1e+06,0.973666,0.973666,0.973666
2.5e-05,2.5e-05,2.5e-05,1e+06,1e+06,1e+06,0.971338,0.971338,0.971338
2.6e-05,2.6e-05,2.6e-05,1e+06,1e+06,1e+06,0.968912,0.968912,0.968912
2.7e-05,2.7e-05,2.7e-05,1e+06,1e+06,1e+06,0.96639,0.96639,0.96639
2.8e-05,2.8e-05,2.8e-05,1e+06,1e+06,1e+06,0.963771,0.963771,0.963771
2.9e-05,2.9e-05,2.9e-05,1e+06,1e+06,1e+06,0.961055,0.961055,0.961055
3e-05,3e-05,3e-05,1e+06,1e+06,1e+06,0.958244,0.958244,0.958244
3.1e-05,3.1e-05,3.1e-05,1e+06,1e+06,1e+06,0.955336,0.955336,0.955336
3.2e-05,3.2e-05,3.2e-05,1e+06,1e+06,1e+06,0.952334,0.952334,0.952334
3.3e-05,3.3e-05,3.3e-05,1e+06,1e+06,1e+06,0.949235,0.949235,0.949235
3.4e-05,3.4e-05,3.4e-05,1e+06,1e+06,1e+06,0.946042,0.946042,0.946042
3.5e-05,3.5e-05,3.5e-05,1e+06,1e+06,1e+06,0.942755,0.942755,0.942755
3.6e-05,3.6e-05,3.6e-05,1e+06,1e+06,1e+06,0.939373,0.939373,0.939373
3.7e-05,3.7e-05,3.7e-05,1e+06,1e+06,1e+06,0.935897,0.935897,0.935897
3.8e-05,3.8e-05,3.8e-05,1e+06,1e+06,1e+06,0.932327,0.932327,0.932327
3.9e-05,3.9e-05,3.9e-05,1e+06,1e+06,1e+06,0.928665,0.928665,0.928665
4e-05,4e-05,4e-05,1e+06,1e+06,1e+06,0.924909,0.924909,0.924909
4.1e-05,4.1e-05,4.1e-05,1e+06,1e+06,1e+06,0.921061,0.921061,0.921061
4.2e-05,4.2e-05,4.2e-05,1e+06,1e+06,1e+06,0.917121,0.917121,0.917121
4.3e-05,4.3e-05,4.3e-05,1e+06,1e+06,1e+06,0.913089,0.913089,0.913089
4.4e-05,4.4e-05,4.4e-05,1e+06,1e+06,1e+06,0.908966,0.908966,0.908966
4.5e-05,4.5e-05,4.5e-05,1e+06,1e+06,1e+06,0.904752,0.904752,0.904752
4.6e-05,4.6e-05,4.6e-05,1e+06,1e+06,1e+06,0.900447,0.900447,0.900447
4.7e-05,4.7e-05,4.7e-05,1e+06,1e+06,1e+06,0.896052,0.896052,0.896052
4.8e-05,4.8e-05,4.8e-05,1e+06,1e+06,1e+06,0.891568,0.891568,0.891568
4.9e-05,4.9e-05,4.9e-05,1e+06,1e+06,1e+06,0.886995,0.886995,0.886995
5e-05,5e-05,5e-05,1e+06,1e+06,1e+06,0.882333,0.882333,0.882333
5.1e-05,5.1e-05,5.1e-05,1e+06,1e+06,1e+06,0.877583,0.877583,0.877583
5.2e-05,5.2e-05,5.2e-05,1e+06,1e+06,1e+06,0.872745,0.872745,0.872745
5.3e-05,5.3e-05,5.3e-05,1e+06,1e+06,1e+06,0.867819,0.867819,0.867819
5.4e-05,5.4e-05,5.4e-05,1e+06,1e+06,1e+06,0.862807,0.862807,0.862807
5.5e-05,5.5e-05,5.5e-05,1e+06,1e+06,1e+06,0.857709,0.857709,0.857709
5.6e-05,5.6e-05,5.6e-05,1e+06,1e+06,1e+06,0.852525,0.852525,0.852525
5.7e-05,5.7e-05,5.7e-05,1e+06,1e+06,1e+06,0.847255,0.847255,0.847255
5.8e-05,5.8e-05,5.8e-05,1e+06,1e+06,1e+06,0.841901,0.841901,0.841901
5.9e-05,5.9e-05,5.9e-05,1e+06,1e+06,1e+06,0.836463,0.836463,0.836463
6e-05,6e-05,6e-05,1e+06,1e+06,1e+06,0.830941,0.830941,0.830941
6.1e-05,6.1e-05,6.1e-05,1e+06,1e+06,1e+06,0.825336,0.825336,0.825336
6.2e-05,6.2e-05,6.2e-05,1e+06,1e+06,1e+06,0.819648,0.819648,0.819648
6.3e-05,6.3e-05,6.3e-05,1e+06,1e+06,1e+06,0.813878,0.813878,0.813878
6.4e-05,6.4e-05,6.4e-05,1e+06,1e+06,1e+06,0.808028,0.808028,0.808028
6.5e-05,6.5e-05,6.5e-05,1e+06,1e+06,1e+06,0.802096,0.802096,0.802096
6.6e-05,6.6e-05,6.6e-05,1e+06,1e+06,1e+06,0.796084,0.796084,0.796084
6.7e-05,6.7e-05,6.7e-05,1e+06,1e+06,1e+06,0.789992,0.789992,0.789992
6.8e-05,6.8e-05,6.8e-05,1e+06,1e+06,1e+06,0.783822,0.783822,0.783822
6.9e-05,6.9e-05,6.9e-05,1e+06,1e+06,1e+06,0.777573,0.777573,0.777573
7e-05,7e-05,7e-05,1e+06,1e+06,1e+06,0.771246,0.771246,0.771246
7.1e-05,7.1e-05,7.1e-05,1e+06,1e+06,1e+06,0.764842,0.764842,0.764842
7.2e-05,7.2e-05,7.2e-05,1e+06,1e+06,1e+06,0.758362,0.758362,0.758362
7.3e-05,7.3e-05,7.3e-05,1e+06,1e+06,1e+06,0.751806,0.751806,0.751806
7.4e-05,7.4e-05,7.4e-05,1e+06,1e+06,1e+06,0.745174,0.745174,0.745174
7.5e-05,7.5e-05,7.5e-05,1e+06,1e+06,1e+06,0.738469,0.738469,0.738469
7.6e-05,7.6e-05,7.6e-05,1e+06,1e+06,1e+06,0.731689,0.731689,0.731689
7.7e-05,7.7e-05,7.7e-05,1e+06,1e+06,1e+06,0.724836,0.724836,0.724836
7.8e-05,7.8e-05,7.8e-05,1e+06,1e+06,1e+06,0.717911,0.717911,0.717911
7.9e-05,7.9e-05,7.9e-05,1e+06,1e+06,1e+06,0.710914,0.710914,0.710914
8e-05,8e-05,8e-05,1e+06,1e+06,1e+06,0.703845,0.703845,0.703845
8.1e-05,8.1e-05,8.1e-05,1e+06,1e+06,1e+06,0.696707,0.696707,0.696707
8.2e-05,8.2e-05,8.2e-05,1e+06,1e+06,1e+06,0.689498,0.689498,0.689498
8.3e-05,8.3e-05,8.3e-05,1e+06,1e+06,1e+06,0.682221,0.682221,0.682221
8.4e-05,8.4e-05,8.4e-05,1e+06,1e+06,1e+06,0.674876,0.674876,0.674876
8.5e-05,8.5e-05,8.5e-05,1e+06,1e+06,1e+06,0.667463,0.667463,0.667463
8.6e-05,8.6e-05,8.6e-05,1e+06,1e+06,1e+06,0.659983,0.659983,0.659983
8.7e-05,8.7e-05,8.7e-05,1e+06,1e+06,1e+06,0.652437,0.652437,0.652437
8.8e-05,8.8e-05,8.8e-05,1e+06,1e+06,1e+06,0.644827,0.644827,0.644827
8.9e-05,8.9e-05,8.9e-05,1e+06,1e+06,1e+06,0.637151,0.637151,0.637151
9e-05,9e-05,9e-05,1e+06,1e+06,1e+06,0.629412,0.629412,0.629412
9.1e-05,9.1e-05,9.1e-05,1e+06,1e+06,1e+06,0.62161,0.62161,0.62161
9.2e-05,9.2e-05,9.2e-05,1e+06,1e+06,1e+06,0.613746,0.613746,0.613746
9.3e-05,9.3e-05,9.3e-05,1e+06,1e+06,1e+06,0.60582,0.60582,0.60582
9.4e-05,9.4e-05,9.4e-05,1e+06,1e+06,1e+06,0.597834,0.597834,0.597834
9.5e-05,9.5e-05,9.5e-05,1e+06,1e+06,1e+06,0.589788,0.589788,0.589788
9.6e-05,9.6e-05,9.6e-05,1e+06,1e+06,1e+06,0.581683,0.581683,0.581683
9.7e-05,9.7e-05,9.7e-05,1e+06,1e+06,1e+06,0.57352,0.57352,0.57352
9.8e-05,9.8e-05,9.8e-05,1e+06,1e+06,1e+06,0.5653,0.5653,0.5653
9.9e-05,9.9e-05,9.9e-05,1e+06,1e+06,1e+06,0.557023,0.557023,0.557023
0.0001,0.0001,0.0001,1e+06,1e+06,1e+06,0.54869,0.54869,0.54869
0.000101,0.000101,0.000101,1e+06,1e+06,1e+06,0.540302,0.540302,0.540302
0.000102,0.000102,0.000102,1e+06,1e+06,1e+06,0.531861,0.531861,0.531861
0.000103,0.000103,0.000103,1e+06,1e+06,1e+06,0.523366,0.523366,0.523366
0.000104,0.000104,0.000104,1e+06,1e+06,1e+06,0.514819,0.514819,0.514819
0.000105,0.000105,0.000105,1e+06,1e+06,1e+06,0.50622,0.50622,0.50622
0.000106,0.000106,0.000106,1e+06,1e+06,1e+06,0.497571,0.497571,0.497571
0.000107,0.000107,0.000107,1e+06,1e+06,1e+06,0.488872,0.488872,0.488872
0.000108,0.000108,0.000108,1e+06,1e+06,1e+06,0.480124,0.480124,0.480124
0.000109,0.000109,0.000109,1e+06,1e+06,1e+06,0.471328,0.471328,0.471328
0.00011,0.00011,0.00011,1e+06,1e+06,1e+06,0.462485,0.462485,0.462485
0.000111,0.000111,0.000111,1e+06,1e+06,1e+06,0.453596,0.453596,0.453596
0.000112,0.000112,0.000112,1e+06,1e+06,1e+06,0.444662,0.444662,0.444662
0.000113,0.000113,0.000113,1e+06,1e+06,1e+06,0.435682,0.435682,0.435682
0.000114,0.000114,0.000114,1e+06,1e+06,1e+06,0.42666,0.42666,0.42666
0.000115,0.000115,0.000115,1e+06,1e+06,1e+06,0.417595,0.417595,0.417595
0.000116,0.000116,0.000116,1e+06,1e+06,1e+06,0.408487,0.408487,0.408487
0.000117,0.000117,0.000117,1e+06,1e+06,1e+06,0.39934,0.39934,0.39934
0.000118,0.000118,0.000118,1e+06,1e+06,1e+06,0.390152,0.390152,0.390152
0.000119,0.000119,0.000119,1e+06,1e+06,1e+06,0.380925,0.380925,0.380925
0.00012,0.00012,0.00012,1e+06,1e+06,1e+06,0.37166,0.37166,0.37166
0.000121,0.000121,0.000121,1e+06,1e+06,1e+06,0.362358,0.362358,0.362358
0.000122,0.000122,0.000122,1e+06,1e+06,1e+06,0.353019,0.353019,0.353019
0.000123,0.000123,0.000123,1e+06,1e+06,1e+06,0.343646,0.343646,0.343646
0.000124,0.000124,0.000124,1e+06,1e+06,1e+06,0.334238,0.334238,0.334238
0.000125,0.000125,0.000125,1e+06,1e+06,1e+06,0.324796,0.324796,0.324796
0.000126,0.000126,0.000126,1e+06,1e+06,1e+06,0.315322,0.315322,0.315322
0.000127,0.000127,0.000127,1e+06,1e+06,1e+06,0.305817,0.305817,0.305817
0.000128,0.000128,0.000128,1e+06,1e+06,1e+06,0.296281,0.296281,0.296281
0.000129,0.000129,0.000129,1e+06,1e+06,1e+06,0.286715,0.286715,0.286715
0.00013,0.00013,0.00013,1e+06,1e+06,1e+06,0.277121,0.277121,0.277121
0.000131,0.000131,0.000131,1e+06,1e+06,1e+06,0.267499,0.267499,0.267499
0.000132,0.000132,0.000132,1e+06,1e+06,1e+06,0.25785,0.25785,0.25785
0.000133,0.000133,0.000133,1e+06,1e+06,1e+06,0.248175,0.248175,0.248175
0.000134,0.000134,0.000134,1e+06,1e+06,1e+06,0.238476,0.238476,0.238476
0.000135,0.000135,0.000135,1e+06,1e+06,1e+06,0.228753,0.228753,0.228753
0.000136,0.000136,0.000136,1e+06,1e+06,1e+06,0.219007,0.219007,0.219007
0.000137,0.000137,0.000137,1e+06,1e+06,1e+06,0.209239,0.209239,0.209239
0.000138,0.000138,0.000138,1e+06,1e+06,1e+06,0.19945,0.19945,0.19945
0.000139,0.000139,0.000139,1e+06,1e+06,1e+06,0.189641,0.189641,0.189641
0.00014,0.00014,0.00014,1e+06,1e+06,1e+06,0.179813,0.179813,0.179813
0.000141,0.000141,0.000141,1e+06,1e+06,1e+06,0.169967,0.169967,0.169967
0.000142,0.000142,0.000142,1e+06,1e+06,1e+06,0.160104,0.160104,0.160104
0.000143,0.000143,0.000143,1e+06,1e+06,1e+06,0.150225,0.150225,0.150225
0.000144,0.000144,0.000144,1e+06,1e+06,1e+06,0.140332,0.140332,0.140332
0.000145,0.000145,0.000145,1e+06,1e+06,1e+06,0.130424,0.130424,0.130424
0.000146,0.000146,0.000146,1e+06,1e+06,1e+06,0.120503,0.120503,0.120503
0.000147,0.000147,0.000147,1e+06,1e+06,1e+06,0.11057,0.11057,0.11057
0.000148,0.000148,0.000148,1e+06,1e+06,1e+06,0.100626,0.100626,0.100626
0.000149,0.000149,0.000149,1e+06,1e+06,1e+06,0.0906716,0.0906716,0.0906716
0.00015,0.00015,0.00015,1e+06,1e+06,1e+06,0.0807084,0.0807084,0.0807084
0.000151,0.000151,0.000151,1e+06,1e+06,1e+06,0.0707372,0.0707372,0.0707372
0.000152,0.000152,0.000152,1e+06,1e+06,1e+06,0.0607589,0.0607589,0.0607589
0.000153,0.000153,0.000153,1e+06,1e+06,1e+06,0.0507745,0.0507745,0.0507745
0.000154,0.000154,0.000154,1e+06,1e+06,1e+06,0.040785,0.040785,0.040785
0.000155,0.000155,0.000155,1e+06,1e+06,1e+06,0.0307915,0.0307915,0.0307915
0.000156,0.000156,0.000156,1e+06,1e+06,1e+06,0.0207948,0.0207948,0.0207948
0.000157,0.000157,0.000157,1e+06,1e+06,1e+06,0.0107961,0.0107961,0.0107961
0.000158,0.000158,0.000158,1e+06,1e+06,1e+06,0.000796327,0.000796327,0.000796327
0.000159,0.000159,0.000159,1e+06,1e+06,1e+06,-0.00920354,-0.00920354,-0.00920354
0.00016,0.00016,0.00016,1e+06,1e+06,1e+06,-0.0192025,-0.0192025,-0.0192025
0.000161,0.000161,0.000161,1e+06,1e+06,1e+06,-0.0291995,-0.0291995,-0.0291995
0.000162,0.000162,0.000162,1e+06,1e+06,1e+06,-0.0391936,-0.0391936,-0.0391936
0.000163,0.000163,0.000163,1e+06,1e+06,1e+06,-0.0491838,-0.0491838,-0.0491838
0.000164,0.000164,0.000164,1e+06,1e+06,1e+06,-0.0591691,-0.0591691,-0.0591691
0.000165,0.000165,0.000165,1e+06,1e+06,1e+06,-0.0691484,-0.0691484,-0.0691484
0.000166,0.000166,0.000166,1e+06,1e+06,1e+06,-0.0791209,-0.0791209,-0.0791209
0.000167,0.000167,0.000167,1e+06,1e+06,1e+06,-0.0890854,-0.0890854,-0.0890854
0.000168,0.000168,0.000168,1e+06,1e+06,1e+06,-0.099041,-0.099041,-0.099041
0.000169,0.000169,0.000169,1e+06,1e+06,1e+06,-0.108987,-0.108987,-0.108987
0.00017,0.00017,0.00017,1e+06,1e+06,1e+06,-0.118922,-0.118922,-0.118922
0.000171,0.000171,0.000171,1e+06,1e+06,1e+06,-0.128844,-0.128844,-0.128844
0.000172,0.000172,0.000172,1e+06,1e+06,1e+06,-0.138755,-0.138755,-0.138755
0.000173,0.000173,0.000173,1e+06,1e+06,1e+06,-0.148651,-0.148651,-0.148651
0.000174,0.000174,0.000174,1e+06,1e+06,1e+06,-0.158532,-0.158532,-0.158532
0.000175,0.000175,0.000175,1e+06,1e+06,1e+06,-0.168397,-0.168397,-0.168397
0.000176,0.000176,0.000176,1e+06,1e+06,1e+06,-0.178246,-0.178246,-0.178246
0.000177,0.000177,0.000177,1e+06,1e+06,1e+06,-0.188077,-0.188077,-0.188077
0.000178,0.000178,0.000178,1e+06,1e+06,1e+06,-0.197889,-0.197889,-0.197889
0.000179,0.000179,0.000179,1e+06,1e+06,1e+06,-0.207681,-0.207681,-0.207681
0.00018,0.00018,0.00018,1e+06,1e+06,1e+06,-0.217452,-0.217452,-0.217452
0.000181,0.000181,0.000181,1e+06,1e+06,1e+06,-0.227202,-0.227202,-0.227202
0.000182,0.000182,0.000182,1e+06,1e+06,1e+06,-0.236929,-0.236929,-0.236929
0.000183,0.000183,0.000183,1e+06,1e+06,1e+06,-0.246632,-0.246632,-0.246632
0.000184,0.000184,0.000184,1e+06,1e+06,1e+06,-0.256311,-0.256311,-0.256311
0.000185,0.000185,0.000185,1e+06,1e+06,1e+06,-0.265964,-0.265964,-0.265964
0.000186,0.000186,0.000186,1e+06,1e+06,1e+06,-0.27559,-0.27559,-0.27559
0.000187,0.000187,0.000187,1e+06,1e+06,1e+06,-0.285189,-0.285189,-0.285189
0.000188,0.000188,0.000188,1e+06,1e+06,1e+06,-0.294759,-0.294759,-0.294759
0.000189,0.000189,0.000189,1e+06,1e+06,1e+06,-0.3043,-0.3043,-0.3043
0.00019,0.00019,0.00019,1e+06,1e+06,1e+06,-0.313811,-0.313811,-0.313811
0.000191,0.000191,0.000191,1e+06,1e+06,1e+06,-0.32329,-0.32329,-0.32329
0.000192,0.000192,0.000192,1e+06,1e+06,1e+06,-0.332736,-0.332736,-0.332736
0.000193,0.000193,0.000193,1e+06,1e+06,1e+06,-0.34215,-0.34215,-0.34215
0.000194,0.000194,0.000194,1e+06,1e+06,1e+06,-0.351529,-0.351529,-0.351529
0.000195,0.000195,0.000195,1e+06,1e+06,1e+06,-0.360873,-0.360873,-0.360873
0.000196,0.000196,0.000196,1e+06,1e+06,1e+06,-0.370181,-0.370181,-0.370181
0.000197,0.000197,0.000197,1e+06,1e+06,1e+06,-0.379452,-0.379452,-0.379452
0.000198,0.000198,0.000198,1e+06,1e+06,1e+06,-0.388685,-0.388685,-0.388685
0.000199,0.000199,0.000199,1e+06,1e+06,1e+06,-0.397879,-0.397879,-0.397879
0.0002,0.0002,0.0002,1e+06,1e+06,1e+06,-0.407033,-0.407033,-0.407033
0.000201,0.000201,0.000201,1e+06,1e+06,1e+06,-0.416147,-0.416147,-0.416147
0.000202,0.000202,0.000202,1e+06,1e+06,1e+06,-0.425219,-0.425219,-0.425219
0.000203,0.000203,0.000203,1e+06,1e+06,1e+06,-0.434248,-0.434248,-0.434248
0.000204,0.000204,0.000204,1e+06,1e+06,1e+06,-0.443234,-0.443234,-0.443234
0.000205,0.000205,0.000205,1e+06,1e+06,1e+06,-0.452176,-0.452176,-0.452176
0.000206,0.000206,0.000206,1e+06,1e+06,1e+06,-0.461073,-0.461073,-0.461073
0.000207,0.000207,0.000207,1e+06,1e+06,1e+06,-0.469923,-0.469923,-0.469923
0.000208,0.000208,0.000208,1e+06,1e+06,1e+06,-0.478727,-0.478727,-0.478727
0.000209,0.000209,0.000209,1e+06,1e+06,1e+06,-0.487482,-0.487482,-0.487482
0.00021,0.00021,0.00021,1e+06,1e+06,1e+06,-0.496189,-0.496189,-0.496189
0.000211,0.000211,0.000211,1e+06,1e+06,1e+06,-0.504846,-0.504846,-0.504846
0.000212,0.000212,0.000212,1e+06,1e+06,1e+06,-0.513453,-0.513453,-0.513453
0.000213,0.000213,0.000213,1e+06,1e+06,1e+06,-0.522008,-0.522008,-0.522008
0.000214,0.000214,0.000214,1e+06,1e+06,1e+06,-0.530511,-0.530511,-0.530511
0.000215,0.000215,0.000215,1e+06,1e+06,1e+06,-0.538961,-0.538961,-0.538961
0.000216,0.000216,0.000216,1e+06,1e+06,1e+06,-0.547358,-0.547358,-0.547358
0.000217,0.000217,0.000217,1e+06,1e+06,1e+06,-0.555699,-0.555699,-0.555699
0.000218,0.000218,0.000218,1e+06,1e+06,1e+06,-0.563985,-0.563985,-0.563985
0.000219,0.000219,0.000219,1e+06,1e+06,1e+06,-0.572215,-0.572215,-0.572215
0.00022,0.00022,0.00022,1e+06,1e+06,1e+06,-0.580387,-0.580387,-0.580387
0.000221,0.000221,0.000221,1e+06,1e+06,1e+06,-0.588501,-0.588501,-0.588501
0.000222,0.000222,0.000222,1e+06,1e+06,1e+06,-0.596557,-0.596557,-0.596557
0.000223,0.000223,0.000223,1e+06,1e+06,1e+06,-0.604552,-0.604552,-0.604552
0.000224,0.000224,0.000224,1e+06,1e+06,1e+06,-0.612488,-0.612488,-0.612488
0.000225,0.000225,0.000225,1e+06,1e+06,1e+06,-0.620362,-0.620362,-0.620362
0.000226,0.000226,0.000226,1e+06,1e+06,1e+06,-0.628174,-0.628174,-0.628174
0.000227,0.000227,0.000227,1e+06,1e+06,1e+06,-0.635923,-0.635923,-0.635923
0.000228,0.000228,0.000228,1e+06,1e+06,1e+06,-0.643608,-0.643608,-0.643608
0.000229,0.000229,0.000229,1e+06,1e+06,1e+06,-0.65123,-0.65123,-0.65123
0.00023,0.00023,0.00023,1e+06,1e+06,1e+06,-0.658786,-0.658786,-0.658786
0.000231,0.000231,0.000231,1e+06,1e+06,1e+06,-0.666276,-0.666276,-0.666276
0.000232,0.000232,0.000232,1e+06,1e+06,1e+06,-0.6737,-0.6737,-0.6737
0.000233,0.000233,0.000233,1e+06,1e+06,1e+06,-0.681056,-0.681056,-0.681056
0.000234,0.000234,0.000234,1e+06,1e+06,1e+06,-0.688344,-0.688344,-0.688344
0.000235,0.000235,0.000235,1e+06,1e+06,1e+06,-0.695563,-0.695563,-0.695563
0.000236,0.000236,0.000236,1e+06,1e+06,1e+06,-0.702713,-0.702713,-0.702713
0.000237,0.000237,0.000237,1e+06,1e+06,1e+06,-0.709793,-0.709793,-0.709793
0.000238,0.000238,0.000238,1e+06,1e+06,1e+06,-0.716801,-0.716801,-0.716801
0.000239,0.000239,0.000239,1e+06,1e+06,1e+06,-0.723738,-0.723738,-0.723738
0.00024,0.00024,0.00024,1e+06,1e+06,1e+06,-0.730602,-0.730602,-0.730602
0.000241,0.000241,0.000241,1e+06,1e+06,1e+06,-0.737394,-0.737394,-0.737394
0.000242,0.000242,0.000242,1e+06,1e+06,1e+06,-0.744111,-0.744111,-0.744111
0.000243,0.000243,0.000243,1e+06,1e+06,1e+06,-0.750755,-0.750755,-0.750755
0.000244,0.000244,0.000244,1e+06,1e+06,1e+06,-0.757323,-0.757323,-0.757323
0.000245,0.000245,0.000245,1e+06,1e+06,1e+06,-0.763815,-0.763815,-0.763815
0.000246,0.000246,0.000246,1e+06,1e+06,1e+06,-0.770231,-0.770231,-0.770231
0.000247,0.000247,0.000247,1e+06,1e+06,1e+06,-0.77657,-0.77657,-0.77657
0.000248,0.000248,0.000248,1e+06,1e+06,1e+06,-0.782832,-0.782832,-0.782832
0.000249,0.000249,0.000249,1e+06,1e+06,1e+06,-0.789015,-0.789015,-0.789015
0.00025,0.00025,0.00025,1e+06,1e+06,1e+06,-0.795119,-0.795119,-0.795119
0.000251,0.000251,0.000251,1e+06,1e+06,1e+06,-0.801144,-0.801144,-0.801144
0.000252,0.000252,0.000252,1e+06,1e+06,1e+06,-0.807088,-0.807088,-0.807088
0.000253,0.000253,0.000253,1e+06,1e+06,1e+06,-0.812952,-0.812952,-0.812952
0.000254,0.000254,0.000254,1e+06,1e+06,1e+06,-0.818735,-0.818735,-0.818735
0.000255,0.000255,0.000255,1e+06,1e+06,1e+06,-0.824435,-0.824435,-0.824435
0.000256,0.000256,0.000256,1e+06,1e+06,1e+06,-0.830054,-0.830054,-0.830054
0.000257,0.000257,0.000257,1e+06,1e+06,1e+06,-0.835589,-0.835589,-0.835589
0.000258,0.000258,0.000258,1e+06,1e+06,1e+06,-0.84104,-0.84104,-0.84104
0.000259,0.000259,0.000259,1e+06,1e+06,1e+06,-0.846408,-0.846408,-0.846408
0.00026,0.00026,0.00026,1e+06,1e+06,1e+06,-0.851691,-0.851691,-0.851691
0.000261,0.000261,0.000261,1e+06,1e+06,1e+06,-0.856889,-0.856889,-0.856889
0.000262,0.000262,0.000262,1e+06,1e+06,1e+06,-0.862001,-0.862001,-0.862001
0.000263,0.000263,0.000263,1e+06,1e+06,1e+06,-0.867027,-0.867027,-0.867027
0.000264,0.000264,0.000264,1e+06,1e+06,1e+06,-0.871966,-0.871966,-0.871966
0.000265,0.000265,0.000265,1e+06,1e+06,1e+06,-0.876818,-0.876818,-0.876818
0.000266,0.000266,0.000266,1e+06,1e+06,1e+06,-0.881582,-0.881582,-0.881582
0.000267,0.000267,0.000267,1e+06,1e+06,1e+06,-0.886258,-0.886258,-0.886258
0.000268,0.000268,0.000268,1e+06,1e+06,1e+06,-0.890846,-0.890846,-0.890846
0.000269,0.000269,0.000269,1e+06,1e+06,1e+06,-0.895344,-0.895344,-0.895344
0.00027,0.00027,0.00027,1e+06,1e+06,1e+06,-0.899753,-0.899753,-0.899753
0.000271,0.000271,0.000271,1e+06,1e+06,1e+06,-0.904072,-0.904072,-0.904072
0.000272,0.000272,0.000272,1e+06,1e+06,1e+06,-0.908301,-0.908301,-0.908301
0.000273,0.000273,0.000273,1e+06,1e+06,1e+06,-0.912438,-0.912438,-0.912438
0.000274,0.000274,0.000274,1e+06,1e+06,1e+06,-0.916485,-0.916485,-0.916485
0.000275,0.000275,0.000275,1e+06,1e+06,1e+06,-0.92044,-0.92044,-0.92044
0.000276,0.000276,0.000276,1e+06,1e+06,1e+06,-0.924302,-0.924302,-0.924302
0.000277,0.000277,0.000277,1e+06,1e+06,1e+06,-0.928073,-0.928073,-0.928073
0.000278,0.000278,0.000278,1e+06,1e+06,1e+06,-0.93175,-0.93175,-0.93175
0.000279,0.000279,0.000279,1e+06,1e+06,1e+06,-0.935335,-0.935335,-0.935335
0.00028,0.00028,0.00028,1e+06,1e+06,1e+06,-0.938825,-0.938825,-0.938825
0.000281,0.000281,0.000281,1e+06,1e+06,1e+06,-0.942222,-0.942222,-0.942222
0.000282,0.000282,0.000282,1e+06,1e+06,1e+06,-0.945525,-0.945525,-0.945525
0.000283,0.000283,0.000283,1e+06,1e+06,1e+06,-0.948733,-0.948733,-0.948733
0.000284,0.000284,0.000284,1e+06,1e+06,1e+06,-0.951847,-0.951847,-0.951847
0.000285,0.000285,0.000285,1e+06,1e+06,1e+06,-0.954865,-0.954865,-0.954865
0.000286,0.000286,0.000286,1e+06,1e+06,1e+06,-0.957787,-0.957787,-0.957787
0.000287,0.000287,0.000287,1e+06,1e+06,1e+06,-0.960614,-0.960614,-0.960614
0.000288,0.000288,0.000288,1e+06,1e+06,1e+06,-0.963345,-0.963345,-0.963345
0.000289,0.000289,0.000289,1e+06,1e+06,1e+06,-0.965979,-0.965979,-0.965979
0.00029,0.00029,0.00029,1e+06,1e+06,1e+06,-0.968517,-0.968517,-0.968517
0.000291,0.000291,0.000291,1e+06,1e+06,1e+06,-0.970958,-0.970958,-0.970958
0.000292,0.000292,0.000292,1e+06,1e+06,1e+06,-0.973302,-0.973302,-0.973302
0.000293,0.000293,0.000293,1e+06,1e+06,1e+06,-0.975549,-0.975549,-0.975549
0.000294,0.000294,0.000294,1e+06,1e+06,1e+06,-0.977698,-0.977698,-0.977698
0.000295,0.000295,0.000295,1e+06,1e+06,1e+06,-0.979749,-0.979749,-0.979749
0.000296,0.000296,0.000296,1e+06,1e+06,1e+06,-0.981702,-0.981702,-0.981702
0.000297,0.000297,0.000297,1e+06,1e+06,1e+06,-0.983557,-0.983557,-0.983557
0.000298,0.000298,0.000298,1e+06,1e+06,1e+06,-0.985314,-0.985314,-0.985314
0.000299,0.000299,0.000299,1e+06,1e+06,1e+06,-0.986972,-0.986972,-0.986972
0.0003,0.0003,0.0003,1e+06,1e+06,1e+06,-0.988532,-0.988532,-0.988532
0.000301,0.000301,0.000301,1e+06,1e+06,1e+06,-0.989992,-0.989992,-0.989992
0.000302,0.000302,0.000302,1e+06,1e+06,1e+06,-0.991354,-0.991354,-0.991354
0.000303,0.000303,0.000303,1e+06,1e+06,1e+06,-0.992617,-0.992617,-0.992617
0.000304,0.000304,0.000304,1e+06,1e+06,1e+06,-0.99378,-0.99378,-0.99378
0.000305,0.000305,0.000305,1e+06,1e+06,1e+06,-0.994844,-0.994844,-0.994844
0.000306,0.000306,0.000306,1e+06,1e+06,1e+06,-0.995808,-0.995808,-0.995808
0.000307,0.000307,0.000307,1e+06,1e+06,1e+06,-0.996673,-0.996673,-0.996673
0.000308,0.000308,0.000308,1e+06,1e+06,1e+06,-0.997438,-0.997438,-0.997438
0.000309,0.000309,0.000309,1e+06,1e+06,1e+06,-0.998104,-0.998104,-0.998104
0.00031,0.00031,0.00031,1e+06,1e+06,1e+06,-0.998669,-0.998669,-0.998669
0.000311,0.000311,0.000311,1e+06,1e+06,1e+06,-0.999135,-0.999135,-0.999135
0.000312,0.000312,0.000312,1e+06,1e+06,1e+06,-0.999501,-0.999501,-0.999501
0.000313,0.000313,0.000313,1e+06,1e+06,1e+06,-0.999767,-0.999767,-0.999767
0.000314,0.000314,0.000314,1e+06,1e+06,1e+06,-0.999933,-0.999933,-0.999933
0.000315,0.000315,0.000315,1e+06,1e+06,1e+06,-0.999999,-0.999999,-0.999999
0.000316,0.000316,0.000316,1e+06,1e+06,1e+06,-0.999965,-0.999965,-0.999965
0.000317,0.000317,0.000317,1e+06,1e+06,1e+06,-0.999831,-0.999831,-0.999831
0.000318,0.000318,0.000318,1e+06,1e+06,1e+06,-0.999597,-0.999597,-0.999597
0.000319,0.000319,0.000319,1e+06,1e+06,1e+06,-0.999263,-0.999263,-0.999263
0.00032,0.00032,0.00032,1e+06,1e+06,1e+06,-0.998829,-0.998829,-0.998829
0.000321,0.000321,0.000321,1e+06,1e+06,1e+06,-0.998295,-0.998295,-0.998295
0.000322,0.000322,0.000322,1e+06,1e+06,1e+06,-0.997661,-0.997661,-0.997661
0.000323,0.000323,0.000323,1e+06,1e+06,1e+06,-0.996928,-0.996928,-0.996928
0.000324,0.000324,0.000324,1e+06,1e+06,1e+06,-0.996095,-0.996095,-0.996095
0.000325,0.000325,0.000325,1e+06,1e+06,1e+06,-0.995162,-0.995162,-0.995162
0.000326,0.000326,0.000326,1e+06,1e+06,1e+06,-0.99413,-0.99413,-0.99413
0.000327,0.000327,0.000327,1e+06,1e+06,1e+06,-0.992998,-0.992998,-0.992998
0.000328,0.000328,0.000328,1e+06,1e+06,1e+06,-0.991767,-0.991767,-0.991767
0.000329,0.000329,0.000329,1e+06,1e+06,1e+06,-0.990437,-0.990437,-0.990437
0.00033,0.00033,0.00033,1e+06,1e+06,1e+06,-0.989008,-0.989008,-0.989008
0.000331,0.000331,0.000331,1e+06,1e+06,1e+06,-0.98748,-0.98748,-0.98748
0.000332,0.000332,0.000332,1e+06,1e+06,1e+06,-0.985853,-0.985853,-0.985853
0.000333,0.000333,0.000333,1e+06,1e+06,1e+06,-0.984128,-0.984128,-0.984128
0.000334,0.000334,0.000334,1e+06,1e+06,1e+06,-0.982304,-0.982304,-0.982304
0.000335,0.000335,0.000335,1e+06,1e+06,1e+06,-0.980382,-0.980382,-0.980382
0.000336,0.000336,0.000336,1e+06,1e+06,1e+06,-0.978362,-0.978362,-0.978362
0.000337,0.000337,0.000337,1e+06,1e+06,1e+06,-0.976244,-0.976244,-0.976244
0.000338,0.000338,0.000338,1e+06,1e+06,1e+06,-0.974028,-0.974028,-0.974028
0.000339,0.000339,0.000339,1e+06,1e+06,1e+06,-0.971715,-0.971715,-0.971715
0.00034,0.00034,0.00034,1e+06,1e+06,1e+06,-0.969305,-0.969305,-0.969305
0.000341,0.000341,0.000341,1e+06,1e+06,1e+06,-0.966798,-0.966798,-0.966798
0.000342,0.000342,0.000342,1e+06,1e+06,1e+06,-0.964194,-0.964194,-0.964194
0.000343,0.000343,0.000343,1e+06,1e+06,1e+06,-0.961494,-0.961494,-0.961494
0.000344,0.000344,0.000344,1e+06,1e+06,1e+06,-0.958698,-0.958698,-0.958698
0.000345,0.000345,0.000345,1e+06,1e+06,1e+06,-0.955806,-0.955806,-0.955806
0.000346,0.000346,0.000346,1e+06,1e+06,1e+06,-0.952818,-0.952818,-0.952818
0.000347,0.000347,0.000347,1e+06,1e+06,1e+06,-0.949735,-0.949735,-0.949735
0.000348,0.000348,0.000348,1e+06,1e+06,1e+06,-0.946557,-0.946557,-0.946557
0.000349,0.000349,0.000349,1e+06,1e+06,1e+06,-0.943285,-0.943285,-0.943285
0.00035,0.00035,0.00035,1e+06,1e+06,1e+06,-0.939918,-0.939918,-0.939918
0.000351,0.000351,0.000351,1e+06,1e+06,1e+06,-0.936457,-0.936457,-0.936457
0.000352,0.000352,0.000352,1e+06,1e+06,1e+06,-0.932902,-0.932902,-0.932902
0.000353,0.000353,0.000353,1e+06,1e+06,1e+06,-0.929254,-0.929254,-0.929254
0.000354,0.000354,0.000354,1e+06,1e+06,1e+06,-0.925513,-0.925513,-0.925513
0.000355,0.000355,0.000355,1e+06,1e+06,1e+06,-0.92168,-0.92168,-0.92168
0.000356,0.000356,0.000356,1e+06,1e+06,1e+06,-0.917755,-0.917755,-0.917755
0.000357,0.000357,0.000357,1e+06,1e+06,1e+06,-0.913737,-0.913737,-0.913737
0.000358,0.000358,0.000358,1e+06,1e+06,1e+06,-0.909629,-0.909629,-0.909629
0.000359,0.000359,0.000359,1e+06,1e+06,1e+06,-0.905429,-0.905429,-0.905429
0.00036,0.00036,0.00036,1e+06,1e+06,1e+06,-0.901139,-0.901139,-0.901139
0.000361,0.000361,0.000361,1e+06,1e+06,1e+06,-0.896758,-0.896758,-0.896758
0.000362,0.000362,0.000362,1e+06,1e+06,1e+06,-0.892288,-0.892288,-0.892288
0.000363,0.000363,0.000363,1e+06,1e+06,1e+06,-0.887729,-0.887729,-0.887729
0.000364,0.000364,0.000364,1e+06,1e+06,1e+06,-0.883081,-0.883081,-0.883081
0.000365,0.000365,0.000365,1e+06,1e+06,1e+06,-0.878345,-0.878345,-0.878345
0.000366,0.000366,0.000366,1e+06,1e+06,1e+06,-0.873521,-0.873521,-0.873521
0.000367,0.000367,0.000367,1e+06,1e+06,1e+06,-0.868609,-0.868609,-0.868609
0.000368,0.000368,0.000368,1e+06,1e+06,1e+06,-0.863611,-0.863611,-0.863611
0.000369,0.000369,0.000369,1e+06,1e+06,1e+06,-0.858526,-0.858526,-0.858526
0.00037,0.00037,0.00037,1e+06,1e+06,1e+06,-0.853356,-0.853356,-0.853356
0.000371,0.000371,0.000371,1e+06,1e+06,1e+06,-0.8481,-0.8481,-0.8481
0.000372,0.000372,0.000372,1e+06,1e+06,1e+06,-0.842759,-0.842759,-0.842759
0.000373,0.000373,0.000373,1e+06,1e+06,1e+06,-0.837334,-0.837334,-0.837334
0.000374,0.000374,0.000374,1e+06,1e+06,1e+06,-0.831826,-0.831826,-0.831826
0.000375,0.000375,0.000375,1e+06,1e+06,1e+06,-0.826234,-0.826234,-0.826234
0.000376,0.000376,0.000376,1e+06,1e+06,1e+06,-0.820559,-0.820559,-0.820559
0.000377,0.000377,0.000377,1e+06,1e+06,1e+06,-0.814803,-0.814803,-0.814803
0.000378,0.000378,0.000378,1e+06,1e+06,1e+06,-0.808965,-0.808965,-0.808965
0.000379,0.000379,0.000379,1e+06,1e+06,1e+06,-0.803046,-0.803046,-0.803046
0.00038,0.00038,0.00038,1e+06,1e+06,1e+06,-0.797047,-0.797047,-0.797047
0.000381,0.000381,0.000381,1e+06,1e+06,1e+06,-0.790968,-0.790968,-0.790968
0.000382,0.000382,0.000382,1e+06,1e+06,1e+06,-0.78481,-0.78481,-0.78481
0.000383,0.000383,0.000383,1e+06,1e+06,1e+06,-0.778573,-0.778573,-0.778573
0.000384,0.000384,0.000384,1e+06,1e+06,1e+06,-0.772259,-0.772259,-0.772259
0.000385,0.000385,0.000385,1e+06,1e+06,1e+06,-0.765867,-0.765867,-0.765867
0.000386,0.000386,0.000386,1e+06,1e+06,1e+06,-0.759399,-0.759399,-0.759399
0.000387,0.000387,0.000387,1e+06,1e+06,1e+06,-0.752855,-0.752855,-0.752855
0.000388,0.000388,0.000388,1e+06,1e+06,1e+06,-0.746236,-0.746236,-0.746236
0.000389,0.000389,0.000389,1e+06,1e+06,1e+06,-0.739542,-0.739542,-0.739542
0.00039,0.00039,0.00039,1e+06,1e+06,1e+06,-0.732774,-0.732774,-0.732774
0.000391,0.000391,0.000391,1e+06,1e+06,1e+06,-0.725932,-0.725932,-0.725932
0.000392,0.000392,0.000392,1e+06,1e+06,1e+06,-0.719018,-0.719018,-0.719018
0.000393,0.000393,0.000393,1e+06,1e+06,1e+06,-0.712033,-0.712033,-0.712033
0.000394,0.000394,0.000394,1e+06,1e+06,1e+06,-0.704976,-0.704976,-0.704976
0.000395,0.000395,0.000395,1e+06,1e+06,1e+06,-0.697848,-0.697848,-0.697848
0.000396,0.000396,0.000396,1e+06,1e+06,1e+06,-0.690651,-0.690651,-0.690651
0.000397,0.000397,0.000397,1e+06,1e+06,1e+06,-0.683385,-0.683385,-0.683385
0.000398,0.000398,0.000398,1e+06,1e+06,1e+06,-0.67605,-0.67605,-0.67605
0.000399,0.000399,0.000399,1e+06,1e+06,1e+06,-0.668648,-0.668648,-0.668648
0.0004,0.0004,0.0004,1e+06,1e+06,1e+06,-0.661179,-0.661179,-0.661179
0.000401,0.000401,0.000401,1e+06,1e+06,1e+06,-0.653644,-0.653644,-0.653644
0.000402,0.000402,0.000402,1e+06,1e+06,1e+06,-0.646043,-0.646043,-0.646043
0.000403,0.000403,0.000403,1e+06,1e+06,1e+06,-0.638378,-0.638378,-0.638378
0.000404,0.000404,0.000404,1e+06,1e+06,1e+06,-0.630649,-0.630649,-0.630649
0.000405,0.000405,0.000405,1e+06,1e+06,1e+06,-0.622857,-0.622857,-0.622857
0.000406,0.000406,0.000406,1e+06,1e+06,1e+06,-0.615002,-0.615002,-0.615002
0.000407,0.000407,0.000407,1e+06,1e+06,1e+06,-0.607087,-0.607087,-0.607087
0.000408,0.000408,0.000408,1e+06,1e+06,1e+06,-0.59911,-0.59911,-0.59911
0.000409,0.000409,0.000409,1e+06,1e+06,1e+06,-0.591073,-0.591073,-0.591073
0.00041,0.00041,0.00041,1e+06,1e+06,1e+06,-0.582978,-0.582978,-0.582978
0.000411,0.000411,0.000411,1e+06,1e+06,1e+06,-0.574824,-0.574824,-0.574824
0.000412,0.000412,0.000412,1e+06,1e+06,1e+06,-0.566613,-0.566613,-0.566613
0.000413,0.000413,0.000413,1e+06,1e+06,1e+06,-0.558345,-0.558345,-0.558345
0.000414,0.000414,0.000414,1e+06,1e+06,1e+06,-0.550021,-0.550021,-0.550021
0.000415,0.000415,0.000415,1e+06,1e+06,1e+06,-0.541642,-0.541642,-0.541642
0.000416,0.000416,0.000416,1e+06,1e+06,1e+06,-0.533209,-0.533209,-0.533209
0.000417,0.000417,0.000417,1e+06,1e+06,1e+06,-0.524722,-0.524722,-0.524722
0.000418,0.000418,0.000418,1e+06,1e+06,1e+06,-0.516184,-0.516184,-0.516184
0.000419,0.000419,0.000419,1e+06,1e+06,1e+06,-0.507593,-0.507593,-0.507593
0.00042,0.00042,0.00042,1e+06,1e+06,1e+06,-0.498952,-0.498952,-0.498952
0.000421,0.000421,0.000421,1e+06,1e+06,1e+06,-0.490261,-0.490261,-0.490261
0.000422,0.000422,0.000422,1e+06,1e+06,1e+06,-0.481521,-0.481521,-0.481521
0.000423,0.000423,0.000423,1e+06,1e+06,1e+06,-0.472732,-0.472732,-0.472732
0.000424,0.000424,0.000424,1e+06,1e+06,1e+06,-0.463897,-0.463897,-0.463897
0.000425,0.000425,0.000425,1e+06,1e+06,1e+06,-0.455015,-0.455015,-0.455015
0.000426,0.000426,0.000426,1e+06,1e+06,1e+06,-0.446087,-0.446087,-0.446087
0.000427,0.000427,0.000427,1e+06,1e+06,1e+06,-0.437115,-0.437115,-0.437115
0.000428,0.000428,0.000428,1e+06,1e+06,1e+06,-0.4281,-0.4281,-0.4281
0.000429,0.000429,0.000429,1e+06,1e+06,1e+06,-0.419041,-0.419041,-0.419041
0.00043,0.00043,0.00043,1e+06,1e+06,1e+06,-0.409941,-0.409941,-0.409941
0.000431,0.000431,0.000431,1e+06,1e+06,1e+06,-0.400799,-0.400799,-0.400799
0.000432,0.000432,0.000432,1e+06,1e+06,1e+06,-0.391618,-0.391618,-0.391618
0.000433,0.000433,0.000433,1e+06,1e+06,1e+06,-0.382397,-0.382397,-0.382397
0.000434,0.000434,0.000434,1e+06,1e+06,1e+06,-0.373138,-0.373138,-0.373138
0.000435,0.000435,0.000435,1e+06,1e+06,1e+06,-0.363842,-0.363842,-0.363842
0.000436,0.000436,0.000436,1e+06,1e+06,1e+06,-0.354509,-0.354509,-0.354509
0.000437,0.000437,0.000437,1e+06,1e+06,1e+06,-0.345141,-0.345141,-0.345141
0.000438,0.000438,0.000438,1e+06,1e+06,1e+06,-0.335738,-0.335738,-0.335738
0.000439,0.000439,0.000439,1e+06,1e+06,1e+06,-0.326302,-0.326302,-0.326302
0.00044,0.00044,0.00044,1e+06,1e+06,1e+06,-0.316833,-0.316833,-0.316833
0.000441,0.000441,0.000441,1e+06,1e+06,1e+06,-0.307333,-0.307333,-0.307333
0.000442,0.000442,0.000442,1e+06,1e+06,1e+06,-0.297802,-0.297802,-0.297802
0.000443,0.000443,0.000443,1e+06,1e+06,1e+06,-0.288241,-0.288241,-0.288241
0.000444,0.000444,0.000444,1e+06,1e+06,1e+06,-0.278651,-0.278651,-0.278651
0.000445,0.000445,0.000445,1e+06,1e+06,1e+06,-0.269033,-0.269033,-0.269033
0.000446,0.000446,0.000446,1e+06,1e+06,1e+06,-0.259389,-0.259389,-0.259389
0.000447,0.000447,0.000447,1e+06,1e+06,1e+06,-0.249718,-0.249718,-0.249718
0.000448,0.000448,0.000448,1e+06,1e+06,1e+06,-0.240022,-0.240022,-0.240022
0.000449,0.000449,0.000449,1e+06,1e+06,1e+06,-0.230303,-0.230303,-0.230303
0.00045,0.00045,0.00045,1e+06,1e+06,1e+06,-0.22056,-0.22056,-0.22056
0.000451,0.000451,0.000451,1e+06,1e+06,1e+06,-0.210796,-0.210796,-0.210796
0.000452,0.000452,0.000452,1e+06,1e+06,1e+06,-0.20101,-0.20101,-0.20101
0.000453,0.000453,0.000453,1e+06,1e+06,1e+06,-0.191204,-0.191204,-0.191204
0.000454,0.000454,0.000454,1e+06,1e+06,1e+06,-0.181379,-0.181379,-0.181379
0.000455,0.000455,0.000455,1e+06,1e+06,1e+06,-0.171536,-0.171536,-0.171536
0.000456,0.000456,0.000456,1e+06,1e+06,1e+06,-0.161676,-0.161676,-0.161676
0.000457,0.000457,0.000457,1e+06,1e+06,1e+06,-0.1518,-0.1518,-0.1518
0.000458,0.000458,0.000458,1e+06,1e+06,1e+06,-0.141908,-0.141908,-0.141908
0.000459,0.000459,0.000459,1e+06,1e+06,1e+06,-0.132003,-0.132003,-0.132003
0.00046,0.00046,0.00046,1e+06,1e+06,1e+06,-0.122084,-0.122084,-0.122084
0.000461,0.000461,0.000461,1e+06,1e+06,1e+06,-0.112153,-0.112153,-0.112153
0.000462,0.000462,0.000462,1e+06,1e+06,1e+06,-0.10221,-0.10221,-0.10221
0.000463,0.000463,0.000463,1e+06,1e+06,1e+06,-0.0922576,-0.0922576,-0.0922576
0.000464,0.000464,0.000464,1e+06,1e+06,1e+06,-0.0822958,-0.0822958,-0.0822958
0.000465,0.000465,0.000465,1e+06,1e+06,1e+06,-0.0723258,-0.0723258,-0.0723258
0.000466,0.000466,0.000466,1e+06,1e+06,1e+06,-0.0623485,-0.0623485,-0.0623485
0.000467,0.000467,0.000467,1e+06,1e+06,1e+06,-0.052365,-0.052365,-0.052365
0.000468,0.000468,0.000468,1e+06,1e+06,1e+06,-0.0423763,-0.0423763,-0.0423763
0.000469,0.000469,0.000469,1e+06,1e+06,1e+06,-0.0323833,-0.0323833,-0.0323833
0.00047,0.00047,0.00047,1e+06,1e+06,1e+06,-0.0223871,-0.0223871,-0.0223871
0.000471,0.000471,0.000471,1e+06,1e+06,1e+06,-0.0123887,-0.0123887,-0.0123887
0.000472,0.000472,0.000472,1e+06,1e+06,1e+06,-0.00238898,-0.00238898,-0.00238898
0.000473,0.000473,0.000473,1e+06,1e+06,1e+06,0.00761095,0.00761095,0.00761095
0.000474,0.000474,0.000474,1e+06,1e+06,1e+06,0.0176101,0.0176101,0.0176101
0.000475,0.000475,0.000475,1e+06,1e+06,1e+06,0.0276075,0.0276075,0.0276075
0.000476,0.000476,0.000476,1e+06,1e+06,1e+06,0.0376022,0.0376022,0.0376022
0.000477,0.000477,0.000477,1e+06,1e+06,1e+06,0.047593,0.047593,0.047593
0.000478,0.000478,0.000478,1e+06,1e+06,1e+06,0.0575792,0.0575792,0.0575792
0.000479,0.000479,0.000479,1e+06,1e+06,1e+06,0.0675595,0.0675595,0.0675595
0.00048,0.00048,0.00048,1e+06,1e+06,1e+06,0.0775331,0.0775331,0.0775331
0.000481,0.000481,0.000481,1e+06,1e+06,1e+06,0.087499,0.087499,0.087499
0.000482,0.000482,0.000482,1e+06,1e+06,1e+06,0.0974561,0.0974561,0.0974561
0.000483,0.000483,0.000483,1e+06,1e+06,1e+06,0.107403,0.107403,0.107403
0.000484,0.000484,0.000484,1e+06,1e+06,1e+06,0.11734,0.11734,0.11734
0.000485,0.000485,0.000485,1e+06,1e+06,1e+06,0.127265,0.127265,0.127265
0.000486,0.000486,0.000486,1e+06,1e+06,1e+06,0.137177,0.137177,0.137177
0.000487,0.000487,0.000487,1e+06,1e+06,1e+06,0.147076,0.147076,0.147076
0.000488,0.000488,0.000488,1e+06,1e+06,1e+06,0.156959,0.156959,0.156959
0.000489,0.000489,0.000489,1e+06,1e+06,1e+06,0.166827,0.166827,0.166827
0.00049,0.00049,0.00049,1e+06,1e+06,1e+06,0.176679,0.176679,0.176679
0.000491,0.000491,0.000491,1e+06,1e+06,1e+06,0.186512,0.186512,0.186512
0.000492,0.000492,0.000492,1e+06,1e+06,1e+06,0.196327,0.196327,0.196327
0.000493,0.000493,0.000493,1e+06,1e+06,1e+06,0.206123,0.206123,0.206123
0.000494,0.000494,0.000494,1e+06,1e+06,1e+06,0.215898,0.215898,0.215898
0.000495,0.000495,0.000495,1e+06,1e+06,1e+06,0.225651,0.225651,0.225651
0.000496,0.000496,0.000496,1e+06,1e+06,1e+06,0.235381,0.235381,0.235381
0.000497,0.000497,0.000497,1e+06,1e+06,1e+06,0.245089,0.245089,0.245089
0.000498,0.000498,0.000498,1e+06,1e+06,1e+06,0.254771,0.254771,0.254771
0.000499,0.000499,0.000499,1e+06,1e+06,1e+06,0.264428,0.264428,0.264428
0.0005,0.0005,0.0005,1e+06,1e+06,1e+06,0.274059,0.274059,0.274059
0.000501,0.000501,0.000501,1e+06,1e+06,1e+06,0.283662,0.283662,0.283662
0.000502,0.000502,0.000502,1e+06,1e+06,1e+06,0.293237,0.293237,0.293237
0.000503,0.000503,0.000503,1e+06,1e+06,1e+06,0.302783,0.302783,0.302783
0.000504,0.000504,0.000504,1e+06,1e+06,1e+06,0.312298,0.312298,0.312298
0.000505,0.000505,0.000505,1e+06,1e+06,1e+06,0.321782,0.321782,0.321782
0.000506,0.000506,0.000506,1e+06,1e+06,1e+06,0.331234,0.331234,0.331234
0.000507,0.000507,0.000507,1e+06,1e+06,1e+06,0.340653,0.340653,0.340653
0.000508,0.000508,0.000508,1e+06,1e+06,1e+06,0.350037,0.350037,0.350037
0.000509,0.000509,0.000509,1e+06,1e+06,1e+06,0.359387,0.359387,0.359387
0.00051,0.00051,0.00051,1e+06,1e+06,1e+06,0.368701,0.368701,0.368701
0.000511,0.000511,0.000511,1e+06,1e+06,1e+06,0.377978,0.377978,0.377978
0.000512,0.000512,0.000512,1e+06,1e+06,1e+06,0.387217,0.387217,0.387217
0.000513,0.000513,0.000513,1e+06,1e+06,1e+06,0.396417,0.396417,0.396417
0.000514,0.000514,0.000514,1e+06,1e+06,1e+06,0.405578,0.405578,0.405578
0.000515,0.000515,0.000515,1e+06,1e+06,1e+06,0.414698,0.414698,0.414698
0.000516,0.000516,0.000516,1e+06,1e+06,1e+06,0.423777,0.423777,0.423777
0.000517,0.000517,0.000517,1e+06,1e+06,1e+06,0.432813,0.432813,0.432813
0.000518,0.000518,0.000518,1e+06,1e+06,1e+06,0.441806,0.441806,0.441806
0.000519,0.000519,0.000519,1e+06,1e+06,1e+06,0.450755,0.450755,0.450755
0.00052,0.00052,0.00052,1e+06,1e+06,1e+06,0.459659,0.459659,0.459659
0.000521,0.000521,0.000521,1e+06,1e+06,1e+06,0.468517,0.468517,0.468517
0.000522,0.000522,0.000522,1e+06,1e+06,1e+06,0.477328,0.477328,0.477328
0.000523,0.000523,0.000523,1e+06,1e+06,1e+06,0.486091,0.486091,0.486091
0.000524,0.000524,0.000524,1e+06,1e+06,1e+06,0.494806,0.494806,0.494806
0.000525,0.000525,0.000525,1e+06,1e+06,1e+06,0.503471,0.503471,0.503471
0.000526,0.000526,0.000526,1e+06,1e+06,1e+06,0.512085,0.512085,0.512085
0.000527,0.000527,0.000527,1e+06,1e+06,1e+06,0.520649,0.520649,0.520649
0.000528,0.000528,0.000528,1e+06,1e+06,1e+06,0.529161,0.529161,0.529161
0.000529,0.000529,0.000529,1e+06,1e+06,1e+06,0.537619,0.537619,0.537619
0.00053,0.00053,0.00053,1e+06,1e+06,1e+06,0.546024,0.546024,0.546024
0.000531,0.000531,0.000531,1e+06,1e+06,1e+06,0.554374,0.554374,0.554374
0.000532,0.000532,0.000532,1e+06,1e+06,1e+06,0.562669,0.562669,0.562669
0.000533,0.000533,0.000533,1e+06,1e+06,1e+06,0.570908,0.570908,0.570908
0.000534,0.000534,0.000534,1e+06,1e+06,1e+06,0.579089,0.579089,0.579089
0.000535,0.000535,0.000535,1e+06,1e+06,1e+06,0.587213,0.587213,0.587213
0.000536,0.000536,0.000536,1e+06,1e+06,1e+06,0.595278,0.595278,0.595278
0.000537,0.000537,0.000537,1e+06,1e+06,1e+06,0.603283,0.603283,0.603283
0.000538,0.000538,0.000538,1e+06,1e+06,1e+06,0.611228,0.611228,0.611228
0.000539,0.000539,0.000539,1e+06,1e+06,1e+06,0.619112,0.619112,0.619112
0.00054,0.00054,0.00054,1e+06,1e+06,1e+06,0.626934,0.626934,0.626934
0.000541,0.000541,0.000541,1e+06,1e+06,1e+06,0.634693,0.634693,0.634693
0.000542,0.000542,0.000542,1e+06,1e+06,1e+06,0.642389,0.642389,0.642389
0.000543,0.000543,0.000543,1e+06,1e+06,1e+06,0.65002,0.65002,0.65002
0.000544,0.000544,0.000544,1e+06,1e+06,1e+06,0.657587,0.657587,0.657587
0.000545,0.000545,0.000545,1e+06,1e+06,1e+06,0.665088,0.665088,0.665088
0.000546,0.000546,0.000546,1e+06,1e+06,1e+06,0.672522,0.672522,0.672522
0.000547,0.000547,0.000547,1e+06,1e+06,1e+06,0.679889,0.679889,0.679889
0.000548,0.000548,0.000548,1e+06,1e+06,1e+06,0.687188,0.687188,0.687188
0.000549,0.000549,0.000549,1e+06,1e+06,1e+06,0.694418,0.694418,0.694418
0.00055,0.00055,0.00055,1e+06,1e+06,1e+06,0.701579,0.701579,0.701579
0.000551,0.000551,0.000551,1e+06,1e+06,1e+06,0.70867,0.70867,0.70867
0.000552,0.000552,0.000552,1e+06,1e+06,1e+06,0.71569,0.71569,0.71569
0.000553,0.000553,0.000553,1e+06,1e+06,1e+06,0.722638,0.722638,0.722638
0.000554,0.000554,0.000554,1e+06,1e+06,1e+06,0.729514,0.729514,0.729514
0.000555,0.000555,0.000555,1e+06,1e+06,1e+06,0.736317,0.736317,0.736317
0.000556,0.000556,0.000556,1e+06,1e+06,1e+06,0.743046,0.743046,0.743046
0.000557,0.000557,0.000557,1e+06,1e+06,1e+06,0.749702,0.749702,0.749702
0.000558,0.000558,0.000558,1e+06,1e+06,1e+06,0.756282,0.756282,0.756282
0.000559,0.000559,0.000559,1e+06,1e+06,1e+06,0.762786,0.762786,0.762786
0.00056,0.00056,0.00056,1e+06,1e+06,1e+06,0.769215,0.769215,0.769215
0.000561,0.000561,0.000561,1e+06,1e+06,1e+06,0.775566,0.775566,0.775566
0.000562,0.000562,0.000562,1e+06,1e+06,1e+06,0.78184,0.78184,0.78184
0.000563,0.000563,0.000563,1e+06,1e+06,1e+06,0.788035,0.788035,0.788035
0.000564,0.000564,0.000564,1e+06,1e+06,1e+06,0.794152,0.794152,0.794152
0.000565,0.000565,0.000565,1e+06,1e+06,1e+06,0.800189,0.800189,0.800189
0.000566,0.000566,0.000566,1e+06,1e+06,1e+06,0.806147,0.806147,0.806147
0.000567,0.000567,0.000567,1e+06,1e+06,1e+06,0.812024,0.812024,0.812024
0.000568,0.000568,0.000568,1e+06,1e+06,1e+06,0.817819,0.817819,0.817819
0.000569,0.000569,0.000569,1e+06,1e+06,1e+06,0.823533,0.823533,0.823533
0.00057,0.00057,0.00057,1e+06,1e+06,1e+06,0.829164,0.829164,0.829164
0.000571,0.000571,0.000571,1e+06,1e+06,1e+06,0.834713,0.834713,0.834713
0.000572,0.000572,0.000572,1e+06,1e+06,1e+06,0.840178,0.840178,0.840178
0.000573,0.000573,0.000573,1e+06,1e+06,1e+06,0.845559,0.845559,0.845559
0.000574,0.000574,0.000574,1e+06,1e+06,1e+06,0.850855,0.850855,0.850855
0.000575,0.000575,0.000575,1e+06,1e+06,1e+06,0.856067,0.856067,0.856067
0.000576,0.000576,0.000576,1e+06,1e+06,1e+06,0.861192,0.861192,0.861192
0.000577,0.000577,0.000577,1e+06,1e+06,1e+06,0.866232,0.866232,0.866232
0.000578,0.000578,0.000578,1e+06,1e+06,1e+06,0.871185,0.871185,0.871185
0.000579,0.000579,0.000579,1e+06,1e+06,1e+06,0.876051,0.876051,0.876051
0.00058,0.00058,0.00058,1e+06,1e+06,1e+06,0.880829,0.880829,0.880829
0.000581,0.000581,0.000581,1e+06,1e+06,1e+06,0.88552,0.88552,0.88552
0.000582,0.000582,0.000582,1e+06,1e+06,1e+06,0.890121,0.890121,0.890121
0.000583,0.000583,0.000583,1e+06,1e+06,1e+06,0.894634,0.894634,0.894634
0.000584,0.000584,0.000584,1e+06,1e+06,1e+06,0.899057,0.899057,0.899057
0.000585,0.000585,0.000585,1e+06,1e+06,1e+06,0.90339,0.90339,0.90339
0.000586,0.000586,0.000586,1e+06,1e+06,1e+06,0.907633,0.907633,0.907633
0.000587,0.000587,0.000587,1e+06,1e+06,1e+06,0.911785,0.911785,0.911785
0.000588,0.000588,0.000588,1e+06,1e+06,1e+06,0.915846,0.915846,0.915846
0.000589,0.000589,0.000589,1e+06,1e+06,1e+06,0.919816,0.919816,0.919816
0.00059,0.00059,0.00059,1e+06,1e+06,1e+06,0.923693,0.923693,0.923693
0.000591,0.000591,0.000591,1e+06,1e+06,1e+06,0.927478,0.927478,0.927478
0.000592,0.000592,0.000592,1e+06,1e+06,1e+06,0.931171,0.931171,0.931171
0.000593,0.000593,0.000593,1e+06,1e+06,1e+06,0.93477,0.93477,0.93477
0.000594,0.000594,0.000594,1e+06,1e+06,1e+06,0.938276,0.938276,0.938276
0.000595,0.000595,0.000595,1e+06,1e+06,1e+06,0.941688,0.941688,0.941688
0.000596,0.000596,0.000596,1e+06,1e+06,1e+06,0.945005,0.945005,0.945005
0.000597,0.000597,0.000597,1e+06,1e+06,1e+06,0.948229,0.948229,0.948229
0.000598,0.000598,0.000598,1e+06,1e+06,1e+06,0.951357,0.951357,0.951357
0.000599,0.000599,0.000599,1e+06,1e+06,1e+06,0.95439,0.95439,0.95439
0.0006,0.0006,0.0006,1e+06,1e+06,1e+06,0.957328,0.957328,0.957328
0.000601,0.000601,0.000601,1e+06,1e+06,1e+06,0.96017,0.96017,0.96017
0.000602,0.000602,0.000602,1e+06,1e+06,1e+06,0.962916,0.962916,0.962916
0.000603,0.000603,0.000603,1e+06,1e+06,1e+06,0.965566,0.965566,0.965566
0.000604,0.000604,0.000604,1e+06,1e+06,1e+06,0.968119,0.968119,0.968119
0.000605,0.000605,0.000605,1e+06,1e+06,1e+06,0.970576,0.970576,0.970576
0.000606,0.000606,0.000606,1e+06,1e+06,1e+06,0.972935,0.972935,0.972935
0.000607,0.000607,0.000607,1e+06,1e+06,1e+06,0.975197,0.975197,0.975197
0.000608,0.000608,0.000608,1e+06,1e+06,1e+06,0.977362,0.977362,0.977362
0.000609,0.000609,0.000609,1e+06,1e+06,1e+06,0.979429,0.979429,0.979429
0.00061,0.00061,0.00061,1e+06,1e+06,1e+06,0.981398,0.981398,0.981398
0.000611,0.000611,0.000611,1e+06,1e+06,1e+06,0.983268,0.983268,0.983268
0.000612,0.000612,0.000612,1e+06,1e+06,1e+06,0.985041,0.985041,0.985041
0.000613,0.000613,0.000613,1e+06,1e+06,1e+06,0.986715,0.986715,0.986715
0.000614,0.000614,0.000614,1e+06,1e+06,1e+06,0.98829,0.98829,0.98829
0.000615,0.000615,0.000615,1e+06,1e+06,1e+06,0.989766,0.989766,0.989766
0.000616,0.000616,0.000616,1e+06,1e+06,1e+06,0.991144,0.991144,0.991144
0.000617,0.000617,0.000617,1e+06,1e+06,1e+06,0.992422,0.992422,0.992422
0.000618,0.000618,0.000618,1e+06,1e+06,1e+06,0.993601,0.993601,0.993601
0.000619,0.000619,0.000619,1e+06,1e+06,1e+06,0.994681,0.994681,0.994681
0.00062,0.00062,0.00062,1e+06,1e+06,1e+06,0.995661,0.995661,0.995661
0.000621,0.000621,0.000621,1e+06,1e+06,1e+06,0.996542,0.996542,0.996542
0.000622,0.000622,0.000622,1e+06,1e+06,1e+06,0.997323,0.997323,0.997323
0.000623,0.000623,0.000623,1e+06,1e+06,1e+06,0.998004,0.998004,0.998004
0.000624,0.000624,0.000624,1e+06,1e+06,1e+06,0.998586,0.998586,0.998586
0.000625,0.000625,0.000625,1e+06,1e+06,1e+06,0.999068,0.999068,0.999068
0.000626,0.000626,0.000626,1e+06,1e+06,1e+06,0.999449,0.999449,0.999449
0.000627,0.000627,0.000627,1e+06,1e+06,1e+06,0.999731,0.999731,0.999731
0.000628,0.000628,0.000628,1e+06,1e+06,1e+06,0.999913,0.999913,0.999913
0.000629,0.000629,0.000629,1e+06,1e+06,1e+06,0.999995,0.999995,0.999995
0.00063,0.00063,0.00063,1e+06,1e+06,1e+06,0.999977,0.999977,0.999977
0.000631,0.000631,0.000631,1e+06,1e+06,1e+06,0.999859,0.999859,0.999859
0.000632,0.000632,0.000632,1e+06,1e+06,1e+06,0.999641,0.999641,0.999641
0.000633,0.000633,0.000633,1e+06,1e+06,1e+06,0.999322,0.999322,0.999322
0.000634,0.000634,0.000634,1e+06,1e+06,1e+06,0.998904,0.998904,0.998904
0.000635,0.000635,0.000635,1e+06,1e+06,1e+06,0.998386,0.998386,0.998386
0.000636,0.000636,0.000636,1e+06,1e+06,1e+06,0.997769,0.997769,0.997769
0.000637,0.000637,0.000637,1e+06,1e+06,1e+06,0.997051,0.997051,0.997051
0.000638,0.000638,0.000638,1e+06,1e+06,1e+06,0.996234,0.996234,0.996234
0.000639,0.000639,0.000639,1e+06,1e+06,1e+06,0.995317,0.995317,0.995317
0.00064,0.00064,0.00064,1e+06,1e+06,1e+06,0.994301,0.994301,0.994301
0.000641,0.000641,0.000641,1e+06,1e+06,1e+06,0.993185,0.993185,0.993185
0.000642,0.000642,0.000642,1e+06,1e+06,1e+06,0.99197,0.99197,0.99197
0.000643,0.000643,0.000643,1e+06,1e+06,1e+06,0.990655,0.990655,0.990655
0.000644,0.000644,0.000644,1e+06,1e+06,1e+06,0.989242,0.989242,0.989242
0.000645,0.000645,0.000645,1e+06,1e+06,1e+06,0.98773,0.98773,0.98773
0.000646,0.000646,0.000646,1e+06,1e+06,1e+06,0.986119,0.986119,0.986119
0.000647,0.000647,0.000647,1e+06,1e+06,1e+06,0.984409,0.984409,0.984409
0.000648,0.000648,0.000648,1e+06,1e+06,1e+06,0.982601,0.982601,0.982601
0.000649,0.000649,0.000649,1e+06,1e+06,1e+06,0.980694,0.980694,0.980694
0.00065,0.00065,0.00065,1e+06,1e+06,1e+06,0.97869,0.97869,0.97869
0.000651,0.000651,0.000651,1e+06,1e+06,1e+06,0.976588,0.976588,0.976588
0.000652,0.000652,0.000652,1e+06,1e+06,1e+06,0.974388,0.974388,0.974388
0.000653,0.000653,0.000653,1e+06,1e+06,1e+06,0.97209,0.97209,0.97209
0.000654,0.000654,0.000654,1e+06,1e+06,1e+06,0.969696,0.969696,0.969696
0.000655,0.000655,0.000655,1e+06,1e+06,1e+06,0.967204,0.967204,0.967204
0.000656,0.000656,0.000656,1e+06,1e+06,1e+06,0.964616,0.964616,0.964616
0.000657,0.000657,0.000657,1e+06,1e+06,1e+06,0.961931,0.961931,0.961931
0.000658,0.000658,0.000658,1e+06,1e+06,1e+06,0.95915,0.95915,0.95915
0.000659,0.000659,0.000659,1e+06,1e+06,1e+06,0.956273,0.956273,0.956273
0.00066,0.00066,0.00066,1e+06,1e+06,1e+06,0.9533,0.9533,0.9533
0.000661,0.000661,0.000661,1e+06,1e+06,1e+06,0.950233,0.950233,0.950233
0.000662,0.000662,0.000662,1e+06,1e+06,1e+06,0.94707,0.94707,0.94707
0.000663,0.000663,0.000663,1e+06,1e+06,1e+06,0.943812,0.943812,0.943812
0.000664,0.000664,0.000664,1e+06,1e+06,1e+06,0.94046,0.94046,0.94046
0.000665,0.000665,0.000665,1e+06,1e+06,1e+06,0.937014,0.937014,0.937014
0.000666,0.000666,0.000666,1e+06,1e+06,1e+06,0.933474,0.933474,0.933474
0.000667,0.000667,0.000667,1e+06,1e+06,1e+06,0.929841,0.929841,0.929841
0.000668,0.000668,0.000668,1e+06,1e+06,1e+06,0.926115,0.926115,0.926115
0.000669,0.000669,0.000669,1e+06,1e+06,1e+06,0.922297,0.922297,0.922297
0.00067,0.00067,0.00067,1e+06,1e+06,1e+06,0.918386,0.918386,0.918386
0.000671,0.000671,0.000671,1e+06,1e+06,1e+06,0.914383,0.914383,0.914383
0.000672,0.000672,0.000672,1e+06,1e+06,1e+06,0.910289,0.910289,0.910289
0.000673,0.000673,0.000673,1e+06,1e+06,1e+06,0.906104,0.906104,0.906104
0.000674,0.000674,0.000674,1e+06,1e+06,1e+06,0.901828,0.901828,0.901828
0.000675,0.000675,0.000675,1e+06,1e+06,1e+06,0.897462,0.897462,0.897462
0.000676,0.000676,0.000676,1e+06,1e+06,1e+06,0.893006,0.893006,0.893006
0.000677,0.000677,0.000677,1e+06,1e+06,1e+06,0.888461,0.888461,0.888461
0.000678,0.000678,0.000678,1e+06,1e+06,1e+06,0.883827,0.883827,0.883827
0.000679,0.000679,0.000679,1e+06,1e+06,1e+06,0.879105,0.879105,0.879105
0.00068,0.00068,0.00068,1e+06,1e+06,1e+06,0.874295,0.874295,0.874295
0.000681,0.000681,0.000681,1e+06,1e+06,1e+06,0.869397,0.869397,0.869397
0.000682,0.000682,0.000682,1e+06,1e+06,1e+06,0.864413,0.864413,0.864413
0.000683,0.000683,0.000683,1e+06,1e+06,1e+06,0.859342,0.859342,0.859342
0.000684,0.000684,0.000684,1e+06,1e+06,1e+06,0.854185,0.854185,0.854185
0.000685,0.000685,0.000685,1e+06,1e+06,1e+06,0.848943,0.848943,0.848943
0.000686,0.000686,0.000686,1e+06,1e+06,1e+06,0.843616,0.843616,0.843616
0.000687,0.000687,0.000687,1e+06,1e+06,1e+06,0.838204,0.838204,0.838204
0.000688,0.000688,0.000688,1e+06,1e+06,1e+06,0.832709,0.832709,0.832709
0.000689,0.000689,0.000689,1e+06,1e+06,1e+06,0.82713,0.82713,0.82713
0.00069,0.00069,0.00069,1e+06,1e+06,1e+06,0.821469,0.821469,0.821469
0.000691,0.000691,0.000691,1e+06,1e+06,1e+06,0.815725,0.815725,0.815725
0.000692,0.000692,0.000692,1e+06,1e+06,1e+06,0.8099,0.8099,0.8099
0.000693,0.000693,0.000693,1e+06,1e+06,1e+06,0.803994,0.803994,0.803994
0.000694,0.000694,0.000694,1e+06,1e+06,1e+06,0.798007,0.798007,0.798007
0.000695,0.000695,0.000695,1e+06,1e+06,1e+06,0.791941,0.791941,0.791941
0.000696,0.000696,0.000696,1e+06,1e+06,1e+06,0.785796,0.785796,0.785796
0.000697,0.000697,0.000697,1e+06,1e+06,1e+06,0.779572,0.779572,0.779572
0.000698,0.000698,0.000698,1e+06,1e+06,1e+06,0.77327,0.77327,0.77327
0.000699,0.000699,0.000699,1e+06,1e+06,1e+06,0.76689,0.76689,0.76689
0.0007,0.0007,0.0007,1e+06,1e+06,1e+06,0.760434,0.760434,0.760434
0.000701,0.000701,0.000701,1e+06,1e+06,1e+06,0.753902,0.753902,0.753902
0.000702,0.000702,0.000702,1e+06,1e+06,1e+06,0.747295,0.747295,0.747295
0.000703,0.000703,0.000703,1e+06,1e+06,1e+06,0.740613,0.740613,0.740613
0.000704,0.000704,0.000704,1e+06,1e+06,1e+06,0.733856,0.733856,0.733856
0.000705,0.000705,0.000705,1e+06,1e+06,1e+06,0.727027,0.727027,0.727027
0.000706,0.000706,0.000706,1e+06,1e+06,1e+06,0.720124,0.720124,0.720124
0.000707,0.000707,0.000707,1e+06,1e+06,1e+06,0.71315,0.71315,0.71315
0.000708,0.000708,0.000708,1e+06,1e+06,1e+06,0.706104,0.706104,0.706104
0.000709,0.000709,0.000709,1e+06,1e+06,1e+06,0.698988,0.698988,0.698988
0.00071,0.00071,0.00071,1e+06,1e+06,1e+06,0.691802,0.691802,0.691802
0.000711,0.000711,0.000711,1e+06,1e+06,1e+06,0.684547,0.684547,0.684547
0.000712,0.000712,0.000712,1e+06,1e+06,1e+06,0.677223,0.677223,0.677223
0.000713,0.000713,0.000713,1e+06,1e+06,1e+06,0.669831,0.669831,0.669831
0.000714,0.000714,0.000714,1e+06,1e+06,1e+06,0.662373,0.662373,0.662373
0.000715,0.000715,0.000715,1e+06,1e+06,1e+06,0.654848,0.654848,0.654848
0.000716,0.000716,0.000716,1e+06,1e+06,1e+06,0.647258,0.647258,0.647258
0.000717,0.000717,0.000717,1e+06,1e+06,1e+06,0.639603,0.639603,0.639603
0.000718,0.000718,0.000718,1e+06,1e+06,1e+06,0.631884,0.631884,0.631884
0.000719,0.000719,0.000719,1e+06,1e+06,1e+06,0.624102,0.624102,0.624102
0.00072,0.00072,0.00072,1e+06,1e+06,1e+06,0.616257,0.616257,0.616257
0.000721,0.000721,0.000721,1e+06,1e+06,1e+06,0.608351,0.608351,0.608351
0.000722,0.000722,0.000722,1e+06,1e+06,1e+06,0.600384,0.600384,0.600384
0.000723,0.000723,0.000723,1e+06,1e+06,1e+06,0.592357,0.592357,0.592357
0.000724,0.000724,0.000724,1e+06,1e+06,1e+06,0.584271,0.584271,0.584271
0.000725,0.000725,0.000725,1e+06,1e+06,1e+06,0.576126,0.576126,0.576126
0.000726,0.000726,0.000726,1e+06,1e+06,1e+06,0.567924,0.567924,0.567924
0.000727,0.000727,0.000727,1e+06,1e+06,1e+06,0.559665,0.559665,0.559665
0.000728,0.000728,0.000728,1e+06,1e+06,1e+06,0.55135,0.55135,0.55135
0.000729,0.000729,0.000729,1e+06,1e+06,1e+06,0.54298,0.54298,0.54298
0.00073,0.00073,0.00073,1e+06,1e+06,1e+06,0.534555,0.534555,0.534555
0.000731,0.000731,0.000731,1e+06,1e+06,1e+06,0.526078,0.526078,0.526078
0.000732,0.000732,0.000732,1e+06,1e+06,1e+06,0.517547,0.517547,0.517547
0.000733,0.000733,0.000733,1e+06,1e+06,1e+06,0.508965,0.508965,0.508965
0.000734,0.000734,0.000734,1e+06,1e+06,1e+06,0.500332,0.500332,0.500332
0.000735,0.000735,0.000735,1e+06,1e+06,1e+06,0.491648,0.491648,0.491648
0.000736,0.000736,0.000736,1e+06,1e+06,1e+06,0.482916,0.482916,0.482916
0.000737,0.000737,0.000737,1e+06,1e+06,1e+06,0.474135,0.474135,0.474135
0.000738,0.000738,0.000738,1e+06,1e+06,1e+06,0.465307,0.465307,0.465307
0.000739,0.000739,0.000739,1e+06,1e+06,1e+06,0.456433,0.456433,0.456433
0.00074,0.00074,0.00074,1e+06,1e+06,1e+06,0.447512,0.447512,0.447512
0.000741,0.000741,0.000741,1e+06,1e+06,1e+06,0.438547,0.438547,0.438547
0.000742,0.000742,0.000742,1e+06,1e+06,1e+06,0.429538,0.429538,0.429538
0.000743,0.000743,0.000743,1e+06,1e+06,1e+06,0.420487,0.420487,0.420487
0.000744,0.000744,0.000744,1e+06,1e+06,1e+06,0.411393,0.411393,0.411393
0.000745,0.000745,0.000745,1e+06,1e+06,1e+06,0.402258,0.402258,0.402258
0.000746,0.000746,0.000746,1e+06,1e+06,1e+06,0.393083,0.393083,0.393083
0.000747,0.000747,0.000747,1e+06,1e+06,1e+06,0.383868,0.383868,0.383868
0.000748,0.000748,0.000748,1e+06,1e+06,1e+06,0.374615,0.374615,0.374615
0.000749,0.000749,0.000749,1e+06,1e+06,1e+06,0.365325,0.365325,0.365325
0.00075,0.00075,0.00075,1e+06,1e+06,1e+06,0.355998,0.355998,0.355998
0.000751,0.000751,0.000751,1e+06,1e+06,1e+06,0.346635,0.346635,0.346635
0.000752,0.000752,0.000752,1e+06,1e+06,1e+06,0.337238,0.337238,0.337238
0.000753,0.000753,0.000753,1e+06,1e+06,1e+06,0.327807,0.327807,0.327807
0.000754,0.000754,0.000754,1e+06,1e+06,1e+06,0.318344,0.318344,0.318344
0.000755,0.000755,0.000755,1e+06,1e+06,1e+06,0.308848,0.308848,0.308848
0.000756,0.000756,0.000756,1e+06,1e+06,1e+06,0.299322,0.299322,0.299322
0.000757,0.000757,0.000757,1e+06,1e+06,1e+06,0.289765,0.289765,0.289765
0.000758,0.000758,0.000758,1e+06,1e+06,1e+06,0.28018,0.28018,0.28018
0.000759,0.000759,0.000759,1e+06,1e+06,1e+06,0.270567,0.270567,0.270567
0.00076,0.00076,0.00076,1e+06,1e+06,1e+06,0.260926,0.260926,0.260926
0.000761,0.000761,0.000761,1e+06,1e+06,1e+06,0.25126,0.25126,0.25126
0.000762,0.000762,0.000762,1e+06,1e+06,1e+06,0.241568,0.241568,0.241568
0.000763,0.000763,0.000763,1e+06,1e+06,1e+06,0.231852,0.231852,0.231852
0.000764,0.000764,0.000764,1e+06,1e+06,1e+06,0.222114,0.222114,0.222114
0.000765,0.000765,0.000765,1e+06,1e+06,1e+06,0.212352,0.212352,0.212352
0.000766,0.000766,0.000766,1e+06,1e+06,1e+06,0.20257,0.20257,0.20257
0.000767,0.000767,0.000767,1e+06,1e+06,1e+06,0.192767,0.192767,0.192767
0.000768,0.000768,0.000768,1e+06,1e+06,1e+06,0.182945,0.182945,0.182945
0.000769,0.000769,0.000769,1e+06,1e+06,1e+06,0.173105,0.173105,0.173105
0.00077,0.00077,0.00077,1e+06,1e+06,1e+06,0.163248,0.163248,0.163248
0.000771,0.000771,0.000771,1e+06,1e+06,1e+06,0.153374,0.153374,0.153374
0.000772,0.000772,0.000772,1e+06,1e+06,1e+06,0.143485,0.143485,0.143485
0.000773,0.000773,0.000773,1e+06,1e+06,1e+06,0.133581,0.133581,0.133581
0.000774,0.000774,0.000774,1e+06,1e+06,1e+06,0.123664,0.123664,0.123664
0.000775,0.000775,0.000775,1e+06,1e+06,1e+06,0.113735,0.113735,0.113735
0.000776,0.000776,0.000776,1e+06,1e+06,1e+06,0.103794,0.103794,0.103794
0.000777,0.000777,0.000777,1e+06,1e+06,1e+06,0.0938433,0.0938433,0.0938433
0.000778,0.000778,0.000778,1e+06,1e+06,1e+06,0.0838829,0.0838829,0.0838829
0.000779,0.000779,0.000779,1e+06,1e+06,1e+06,0.0739142,0.0739142,0.0739142
0.00078,0.00078,0.00078,1e+06,1e+06,1e+06,0.063938,0.063938,0.063938
0.000781,0.000781,0.000781,1e+06,1e+06,1e+06,0.0539554,0.0539554,0.0539554
0.000782,0.000782,0.000782,1e+06,1e+06,1e+06,0.0439675,0.0439675,0.0439675
0.000783,0.000783,0.000783,1e+06,1e+06,1e+06,0.0339751,0.0339751,0.0339751
0.000784,0.000784,0.000784,1e+06,1e+06,1e+06,0.0239793,0.0239793,0.0239793
0.000785,0.000785,0.000785,1e+06,1e+06,1e+06,0.0139812,0.0139812,0.0139812
0.000786,0.000786,0.000786,1e+06,1e+06,1e+06,0.00398162,0.00398162,0.00398162
0.000787,0.000787,0.000787,1e+06,1e+06,1e+06,-0.00601833,-0.00601833,-0.00601833
0.000788,0.000788,0.000788,1e+06,1e+06,1e+06,-0.0160177,-0.0160177,-0.0160177
0.000789,0.000789,0.000789,1e+06,1e+06,1e+06,-0.0260154,-0.0260154,-0.0260154
0.00079,0.00079,0.00079,1e+06,1e+06,1e+06,-0.0360106,-0.0360106,-0.0360106
0.000791,0.000791,0.000791,1e+06,1e+06,1e+06,-0.0460021,-0.0460021,-0.0460021
0.000792,0.000792,0.000792,1e+06,1e+06,1e+06,-0.0559891,-0.0559891,-0.0559891
0.000793,0.000793,0.000793,1e+06,1e+06,1e+06,-0.0659704,-0.0659704,-0.0659704
0.000794,0.000794,0.000794,1e+06,1e+06,1e+06,-0.0759452,-0.0759452,-0.0759452
0.000795,0.000795,0.000795,1e+06,1e+06,1e+06,-0.0859123,-0.0859123,-0.0859123
0.000796,0.000796,0.000796,1e+06,1e+06,1e+06,-0.0958709,-0.0958709,-0.0958709
0.000797,0.000797,0.000797,1e+06,1e+06,1e+06,-0.10582,-0.10582,-0.10582
0.000798,0.000798,0.000798,1e+06,1e+06,1e+06,-0.115758,-0.115758,-0.115758
0.000799,0.000799,0.000799,1e+06,1e+06,1e+06,-0.125685,-0.125685,-0.125685
0.0008,0.0008,0.0008,1e+06,1e+06,1e+06,-0.135599,-0.135599,-0.135599
0.000801,0.000801,0.000801,1e+06,1e+06,1e+06,-0.1455,-0.1455,-0.1455
0.000802,0.000802,0.000802,1e+06,1e+06,1e+06,-0.155386,-0.155386,-0.155386
0.000803,0.000803,0.000803,1e+06,1e+06,1e+06,-0.165257,-0.165257,-0.165257
0.000804,0.000804,0.000804,1e+06,1e+06,1e+06,-0.175111,-0.175111,-0.175111
0.000805,0.000805,0.000805,1e+06,1e+06,1e+06,-0.184947,-0.184947,-0.184947
0.000806,0.000806,0.000806,1e+06,1e+06,1e+06,-0.194765,-0.194765,-0.194765
0.000807,0.000807,0.000807,1e+06,1e+06,1e+06,-0.204564,-0.204564,-0.204564
0.000808,0.000808,0.000808,1e+06,1e+06,1e+06,-0.214342,-0.214342,-0.214342
0.000809,0.000809,0.000809,1e+06,1e+06,1e+06,-0.224099,-0.224099,-0.224099
0.00081,0.00081,0.00081,1e+06,1e+06,1e+06,-0.233833,-0.233833,-0.233833
0.000811,0.000811,0.000811,1e+06,1e+06,1e+06,-0.243544,-0.243544,-0.243544
0.000812,0.000812,0.000812,1e+06,1e+06,1e+06,-0.253231,-0.253231,-0.253231
0.000813,0.000813,0.000813,1e+06,1e+06,1e+06,-0.262892,-0.262892,-0.262892
0.000814,0.000814,0.000814,1e+06,1e+06,1e+06,-0.272527,-0.272527,-0.272527
0.000815,0.000815,0.000815,1e+06,1e+06,1e+06,-0.282135,-0.282135,-0.282135
0.000816,0.000816,0.000816,1e+06,1e+06,1e+06,-0.291714,-0.291714,-0.291714
0.000817,0.000817,0.000817,1e+06,1e+06,1e+06,-0.301264,-0.301264,-0.301264
0.000818,0.000818,0.000818,1e+06,1e+06,1e+06,-0.310785,-0.310785,-0.310785
0.000819,0.000819,0.000819,1e+06,1e+06,1e+06,-0.320274,-0.320274,-0.320274
0.00082,0.00082,0.00082,1e+06,1e+06,1e+06,-0.329731,-0.329731,-0.329731
0.000821,0.000821,0.000821,1e+06,1e+06,1e+06,-0.339155,-0.339155,-0.339155
0.000822,0.000822,0.000822,1e+06,1e+06,1e+06,-0.348545,-0.348545,-0.348545
0.000823,0.000823,0.000823,1e+06,1e+06,1e+06,-0.3579,-0.3579,-0.3579
0.000824,0.000824,0.000824,1e+06,1e+06,1e+06,-0.36722,-0.36722,-0.36722
0.000825,0.000825,0.000825,1e+06,1e+06,1e+06,-0.376503,-0.376503,-0.376503
0.000826,0.000826,0.000826,1e+06,1e+06,1e+06,-0.385748,-0.385748,-0.385748
0.000827,0.000827,0.000827,1e+06,1e+06,1e+06,-0.394955,-0.394955,-0.394955
0.000828,0.000828,0.000828,1e+06,1e+06,1e+06,-0.404122,-0.404122,-0.404122
0.000829,0.000829,0.000829,1e+06,1e+06,1e+06,-0.413248,-0.413248,-0.413248
0.00083,0.00083,0.00083,1e+06,1e+06,1e+06,-0.422334,-0.422334,-0.422334
0.000831,0.000831,0.000831,1e+06,1e+06,1e+06,-0.431377,-0.431377,-0.431377
0.000832,0.000832,0.000832,1e+06,1e+06,1e+06,-0.440377,-0.440377,-0.440377
0.000833,0.000833,0.000833,1e+06,1e+06,1e+06,-0.449333,-0.449333,-0.449333
0.000834,0.000834,0.000834,1e+06,1e+06,1e+06,-0.458244,-0.458244,-0.458244
0.000835,0.000835,0.000835,1e+06,1e+06,1e+06,-0.467109,-0.467109,-0.467109
0.000836,0.000836,0.000836,1e+06,1e+06,1e+06,-0.475928,-0.475928,-0.475928
0.000837,0.000837,0.000837,1e+06,1e+06,1e+06,-0.484698,-0.484698,-0.484698
0.000838,0.000838,0.000838,1e+06,1e+06,1e+06,-0.493421,-0.493421,-0.493421
0.000839,0.000839,0.000839,1e+06,1e+06,1e+06,-0.502094,-0.502094,-0.502094
0.00084,0.00084,0.00084,1e+06,1e+06,1e+06,-0.510717,-0.510717,-0.510717
0.000841,0.000841,0.000841,1e+06,1e+06,1e+06,-0.519289,-0.519289,-0.519289
0.000842,0.000842,0.000842,1e+06,1e+06,1e+06,-0.527809,-0.527809,-0.527809
0.000843,0.000843,0.000843,1e+06,1e+06,1e+06,-0.536276,-0.536276,-0.536276
0.000844,0.000844,0.000844,1e+06,1e+06,1e+06,-0.544689,-0.544689,-0.544689
0.000845,0.000845,0.000845,1e+06,1e+06,1e+06,-0.553048,-0.553048,-0.553048
0.000846,0.000846,0.000846,1e+06,1e+06,1e+06,-0.561352,-0.561352,-0.561352
0.000847,0.000847,0.000847,1e+06,1e+06,1e+06,-0.569599,-0.569599,-0.569599
0.000848,0.000848,0.000848,1e+06,1e+06,1e+06,-0.57779,-0.57779,-0.57779
0.000849,0.000849,0.000849,1e+06,1e+06,1e+06,-0.585923,-0.585923,-0.585923
0.00085,0.00085,0.00085,1e+06,1e+06,1e+06,-0.593997,-0.593997,-0.593997
0.000851,0.000851,0.000851,1e+06,1e+06,1e+06,-0.602012,-0.602012,-0.602012
0.000852,0.000852,0.000852,1e+06,1e+06,1e+06,-0.609967,-0.609967,-0.609967
0.000853,0.000853,0.000853,1e+06,1e+06,1e+06,-0.61786,-0.61786,-0.61786
0.000854,0.000854,0.000854,1e+06,1e+06,1e+06,-0.625692,-0.625692,-0.625692
0.000855,0.000855,0.000855,1e+06,1e+06,1e+06,-0.633461,-0.633461,-0.633461
0.000856,0.000856,0.000856,1e+06,1e+06,1e+06,-0.641167,-0.641167,-0.641167
0.000857,0.000857,0.000857,1e+06,1e+06,1e+06,-0.648809,-0.648809,-0.648809
0.000858,0.000858,0.000858,1e+06,1e+06,1e+06,-0.656386,-0.656386,-0.656386
0.000859,0.000859,0.000859,1e+06,1e+06,1e+06,-0.663897,-0.663897,-0.663897
0.00086,0.00086,0.00086,1e+06,1e+06,1e+06,-0.671342,-0.671342,-0.671342
0.000861,0.000861,0.000861,1e+06,1e+06,1e+06,-0.67872,-0.67872,-0.67872
0.000862,0.000862,0.000862,1e+06,1e+06,1e+06,-0.68603,-0.68603,-0.68603
0.000863,0.000863,0.000863,1e+06,1e+06,1e+06,-0.693271,-0.693271,-0.693271
0.000864,0.000864,0.000864,1e+06,1e+06,1e+06,-0.700443,-0.700443,-0.700443
0.000865,0.000865,0.000865,1e+06,1e+06,1e+06,-0.707545,-0.707545,-0.707545
0.000866,0.000866,0.000866,1e+06,1e+06,1e+06,-0.714576,-0.714576,-0.714576
0.000867,0.000867,0.000867,1e+06,1e+06,1e+06,-0.721536,-0.721536,-0.721536
0.000868,0.000868,0.000868,1e+06,1e+06,1e+06,-0.728424,-0.728424,-0.728424
0.000869,0.000869,0.000869,1e+06,1e+06,1e+06,-0.735238,-0.735238,-0.735238
0.00087,0.00087,0.00087,1e+06,1e+06,1e+06,-0.74198,-0.74198,-0.74198
0.000871,0.000871,0.000871,1e+06,1e+06,1e+06,-0.748647,-0.748647,-0.748647
0.000872,0.000872,0.000872,1e+06,1e+06,1e+06,-0.755239,-0.755239,-0.755239
0.000873,0.000873,0.000873,1e+06,1e+06,1e+06,-0.761755,-0.761755,-0.761755
0.000874,0.000874,0.000874,1e+06,1e+06,1e+06,-0.768196,-0.768196,-0.768196
0.000875,0.000875,0.000875,1e+06,1e+06,1e+06,-0.77456,-0.77456,-0.77456
0.000876,0.000876,0.000876,1e+06,1e+06,1e+06,-0.780846,-0.780846,-0.780846
0.000877,0.000877,0.000877,1e+06,1e+06,1e+06,-0.787054,-0.787054,-0.787054
0.000878,0.000878,0.000878,1e+06,1e+06,1e+06,-0.793183,-0.793183,-0.793183
0.000879,0.000879,0.000879,1e+06,1e+06,1e+06,-0.799233,-0.799233,-0.799233
0.00088,0.00088,0.00088,1e+06,1e+06,1e+06,-0.805203,-0.805203,-0.805203
0.000881,0.000881,0.000881,1e+06,1e+06,1e+06,-0.811093,-0.811093,-0.811093
0.000882,0.000882,0.000882,1e+06,1e+06,1e+06,-0.816902,-0.816902,-0.816902
0.000883,0.000883,0.000883,1e+06,1e+06,1e+06,-0.822628,-0.822628,-0.822628
0.000884,0.000884,0.000884,1e+06,1e+06,1e+06,-0.828273,-0.828273,-0.828273
0.000885,0.000885,0.000885,1e+06,1e+06,1e+06,-0.833835,-0.833835,-0.833835
0.000886,0.000886,0.000886,1e+06,1e+06,1e+06,-0.839313,-0.839313,-0.839313
0.000887,0.000887,0.000887,1e+06,1e+06,1e+06,-0.844707,-0.844707,-0.844707
0.000888,0.000888,0.000888,1e+06,1e+06,1e+06,-0.850017,-0.850017,-0.850017
0.000889,0.000889,0.000889,1e+06,1e+06,1e+06,-0.855242,-0.855242,-0.855242
0.00089,0.00089,0.00089,1e+06,1e+06,1e+06,-0.860382,-0.860382,-0.860382
0.000891,0.000891,0.000891,1e+06,1e+06,1e+06,-0.865435,-0.865435,-0.865435
0.000892,0.000892,0.000892,1e+06,1e+06,1e+06,-0.870402,-0.870402,-0.870402
0.000893,0.000893,0.000893,1e+06,1e+06,1e+06,-0.875282,-0.875282,-0.875282
0.000894,0.000894,0.000894,1e+06,1e+06,1e+06,-0.880074,-0.880074,-0.880074
0.000895,0.000895,0.000895,1e+06,1e+06,1e+06,-0.884778,-0.884778,-0.884778
0.000896,0.000896,0.000896,1e+06,1e+06,1e+06,-0.889394,-0.889394,-0.889394
0.000897,0.000897,0.000897,1e+06,1e+06,1e+06,-0.893921,-0.893921,-0.893921
0.000898,0.000898,0.000898,1e+06,1e+06,1e+06,-0.898359,-0.898359,-0.898359
0.000899,0.000899,0.000899,1e+06,1e+06,1e+06,-0.902706,-0.902706,-0.902706
0.0009,0.0009,0.0009,1e+06,1e+06,1e+06,-0.906964,-0.906964,-0.906964
0.000901,0.000901,0.000901,1e+06,1e+06,1e+06,-0.91113,-0.91113,-0.91113
0.000902,0.000902,0.000902,1e+06,1e+06,1e+06,-0.915206,-0.915206,-0.915206
0.000903,0.000903,0.000903,1e+06,1e+06,1e+06,-0.91919,-0.91919,-0.91919
0.000904,0.000904,0.000904,1e+06,1e+06,1e+06,-0.923082,-0.923082,-0.923082
0.000905,0.000905,0.000905,1e+06,1e+06,1e+06,-0.926882,-0.926882,-0.926882
0.000906,0.000906,0.000906,1e+06,1e+06,1e+06,-0.930589,-0.930589,-0.930589
0.000907,0.000907,0.000907,1e+06,1e+06,1e+06,-0.934203,-0.934203,-0.934203
0.000908,0.000908,0.000908,1e+06,1e+06,1e+06,-0.937724,-0.937724,-0.937724
0.000909,0.000909,0.000909,1e+06,1e+06,1e+06,-0.941151,-0.941151,-0.941151
0.00091,0.00091,0.00091,1e+06,1e+06,1e+06,-0.944483,-0.944483,-0.944483
0.000911,0.000911,0.000911,1e+06,1e+06,1e+06,-0.947722,-0.947722,-0.947722
0.000912,0.000912,0.000912,1e+06,1e+06,1e+06,-0.950865,-0.950865,-0.950865
0.000913,0.000913,0.000913,1e+06,1e+06,1e+06,-0.953914,-0.953914,-0.953914
0.000914,0.000914,0.000914,1e+06,1e+06,1e+06,-0.956867,-0.956867,-0.956867
0.000915,0.000915,0.000915,1e+06,1e+06,1e+06,-0.959724,-0.959724,-0.959724
0.000916,0.000916,0.000916,1e+06,1e+06,1e+06,-0.962485,-0.962485,-0.962485
0.000917,0.000917,0.000917,1e+06,1e+06,1e+06,-0.965151,-0.965151,-0.965151
0.000918,0.000918,0.000918,1e+06,1e+06,1e+06,-0.967719,-0.967719,-0.967719
0.000919,0.000919,0.000919,1e+06,1e+06,1e+06,-0.970191,-0.970191,-0.970191
0.00092,0.00092,0.00092,1e+06,1e+06,1e+06,-0.972566,-0.972566,-0.972566
0.000921,0.000921,0.000921,1e+06,1e+06,1e+06,-0.974844,-0.974844,-0.974844
0.000922,0.000922,0.000922,1e+06,1e+06,1e+06,-0.977024,-0.977024,-0.977024
0.000923,0.000923,0.000923,1e+06,1e+06,1e+06,-0.979106,-0.979106,-0.979106
0.000924,0.000924,0.000924,1e+06,1e+06,1e+06,-0.981091,-0.981091,-0.981091
0.000925,0.000925,0.000925,1e+06,1e+06,1e+06,-0.982977,-0.982977,-0.982977
0.000926,0.000926,0.000926,1e+06,1e+06,1e+06,-0.984765,-0.984765,-0.984765
0.000927,0.000927,0.000927,1e+06,1e+06,1e+06,-0.986455,-0.986455,-0.986455
0.000928,0.000928,0.000928,1e+06,1e+06,1e+06,-0.988046,-0.988046,-0.988046
0.000929,0.000929,0.000929,1e+06,1e+06,1e+06,-0.989538,-0.989538,-0.989538
0.00093,0.00093,0.00093,1e+06,1e+06,1e+06,-0.990931,-0.990931,-0.990931
0.000931,0.000931,0.000931,1e+06,1e+06,1e+06,-0.992225,-0.992225,-0.992225
0.000932,0.000932,0.000932,1e+06,1e+06,1e+06,-0.99342,-0.99342,-0.99342
0.000933,0.000933,0.000933,1e+06,1e+06,1e+06,-0.994516,-0.994516,-0.994516
0.000934,0.000934,0.000934,1e+06,1e+06,1e+06,-0.995512,-0.995512,-0.995512
0.000935,0.000935,0.000935,1e+06,1e+06,1e+06,-0.996409,-0.996409,-0.996409
0.000936,0.000936,0.000936,1e+06,1e+06,1e+06,-0.997205,-0.997205,-0.997205
0.000937,0.000937,0.000937,1e+06,1e+06,1e+06,-0.997903,-0.997903,-0.997903
0.000938,0.000938,0.000938,1e+06,1e+06,1e+06,-0.9985,-0.9985,-0.9985
0.000939,0.000939,0.000939,1e+06,1e+06,1e+06,-0.998998,-0.998998,-0.998998
0.00094,0.00094,0.00094,1e+06,1e+06,1e+06,-0.999395,-0.999395,-0.999395
0.000941,0.000941,0.000941,1e+06,1e+06,1e+06,-0.999693,-0.999693,-0.999693
0.000942,0.000942,0.000942,1e+06,1e+06,1e+06,-0.999891,-0.999891,-0.999891
0.000943,0.000943,0.000943,1e+06,1e+06,1e+06,-0.999989,-0.999989,-0.999989
0.000944,0.000944,0.000944,1e+06,1e+06,1e+06,-0.999986,-0.999986,-0.999986
0.000945,0.000945,0.000945,1e+06,1e+06,1e+06,-0.999884,-0.999884,-0.999884
0.000946,0.000946,0.000946,1e+06,1e+06,1e+06,-0.999682,-0.999682,-0.999682
0.000947,0.000947,0.000947,1e+06,1e+06,1e+06,-0.99938,-0.99938,-0.99938
0.000948,0.000948,0.000948,1e+06,1e+06,1e+06,-0.998978,-0.998978,-0.998978
0.000949,0.000949,0.000949,1e+06,1e+06,1e+06,-0.998476,-0.998476,-0.998476
0.00095,0.00095,0.00095,1e+06,1e+06,1e+06,-0.997874,-0.997874,-0.997874
0.000951,0.000951,0.000951,1e+06,1e+06,1e+06,-0.997172,-0.997172,-0.997172
0.000952,0.000952,0.000952,1e+06,1e+06,1e+06,-0.996371,-0.996371,-0.996371
0.000953,0.000953,0.000953,1e+06,1e+06,1e+06,-0.99547,-0.99547,-0.99547
0.000954,0.000954,0.000954,1e+06,1e+06,1e+06,-0.994469,-0.994469,-0.994469
0.000955,0.000955,0.000955,1e+06,1e+06,1e+06,-0.993369,-0.993369,-0.993369
0.000956,0.000956,0.000956,1e+06,1e+06,1e+06,-0.99217,-0.99217,-0.99217
0.000957,0.000957,0.000957,1e+06,1e+06,1e+06,-0.990871,-0.990871,-0.990871
0.000958,0.000958,0.000958,1e+06,1e+06,1e+06,-0.989474,-0.989474,-0.989474
0.000959,0.000959,0.000959,1e+06,1e+06,1e+06,-0.987977,-0.987977,-0.987977
0.00096,0.00096,0.00096,1e+06,1e+06,1e+06,-0.986382,-0.986382,-0.986382
0.000961,0.000961,0.000961,1e+06,1e+06,1e+06,-0.984688,-0.984688,-0.984688
0.000962,0.000962,0.000962,1e+06,1e+06,1e+06,-0.982895,-0.982895,-0.982895
0.000963,0.000963,0.000963,1e+06,1e+06,1e+06,-0.981005,-0.981005,-0.981005
0.000964,0.000964,0.000964,1e+06,1e+06,1e+06,-0.979016,-0.979016,-0.979016
0.000965,0.000965,0.000965,1e+06,1e+06,1e+06,-0.976929,-0.976929,-0.976929
0.000966,0.000966,0.000966,1e+06,1e+06,1e+06,-0.974745,-0.974745,-0.974745
0.000967,0.000967,0.000967,1e+06,1e+06,1e+06,-0.972463,-0.972463,-0.972463
0.000968,0.000968,0.000968,1e+06,1e+06,1e+06,-0.970083,-0.970083,-0.970083
0.000969,0.000969,0.000969,1e+06,1e+06,1e+06,-0.967607,-0.967607,-0.967607
0.00097,0.00097,0.00097,1e+06,1e+06,1e+06,-0.965034,-0.965034,-0.965034
0.000971,0.000971,0.000971,1e+06,1e+06,1e+06,-0.962365,-0.962365,-0.962365
0.000972,0.000972,0.000972,1e+06,1e+06,1e+06,-0.959599,-0.959599,-0.959599
0.000973,0.000973,0.000973,1e+06,1e+06,1e+06,-0.956738,-0.956738,-0.956738
0.000974,0.000974,0.000974,1e+06,1e+06,1e+06,-0.95378,-0.95378,-0.95378
0.000975,0.000975,0.000975,1e+06,1e+06,1e+06,-0.950728,-0.950728,-0.950728
0.000976,0.000976,0.000976,1e+06,1e+06,1e+06,-0.94758,-0.94758,-0.94758
0.000977,0.000977,0.000977,1e+06,1e+06,1e+06,-0.944337,-0.944337,-0.944337
0.000978,0.000978,0.000978,1e+06,1e+06,1e+06,-0.941,-0.941,-0.941
0.000979,0.000979,0.000979,1e+06,1e+06,1e+06,-0.937569,-0.937569,-0.937569
0.00098,0.00098,0.00098,1e+06,1e+06,1e+06,-0.934044,-0.934044,-0.934044
0.000981,0.000981,0.000981,1e+06,1e+06,1e+06,-0.930426,-0.930426,-0.930426
0.000982,0.000982,0.000982,1e+06,1e+06,1e+06,-0.926715,-0.926715,-0.926715
0.000983,0.000983,0.000983,1e+06,1e+06,1e+06,-0.922911,-0.922911,-0.922911
0.000984,0.000984,0.000984,1e+06,1e+06,1e+06,-0.919015,-0.919015,-0.919015
0.000985,0.000985,0.000985,1e+06,1e+06,1e+06,-0.915027,-0.915027,-0.915027
0.000986,0.000986,0.000986,1e+06,1e+06,1e+06,-0.910947,-0.910947,-0.910947
0.000987,0.000987,0.000987,1e+06,1e+06,1e+06,-0.906776,-0.906776,-0.906776
0.000988,0.000988,0.000988,1e+06,1e+06,1e+06,-0.902515,-0.902515,-0.902515
0.000989,0.000989,0.000989,1e+06,1e+06,1e+06,-0.898163,-0.898163,-0.898163
0.00099,0.00099,0.00099,1e+06,1e+06,1e+06,-0.893722,-0.893722,-0.893722
0.000991,0.000991,0.000991,1e+06,1e+06,1e+06,-0.889191,-0.889191,-0.889191
0.000992,0.000992,0.000992,1e+06,1e+06,1e+06,-0.884571,-0.884571,-0.884571
0.000993,0.000993,0.000993,1e+06,1e+06,1e+06,-0.879863,-0.879863,-0.879863
0.000994,0.000994,0.000994,1e+06,1e+06,1e+06,-0.875067,-0.875067,-0.875067
0.000995,0.000995,0.000995,1e+06,1e+06,1e+06,-0.870183,-0.870183,-0.870183
0.000996,0.000996,0.000996,1e+06,1e+06,1e+06,-0.865213,-0.865213,-0.865213
0.000997,0.000997,0.000997,1e+06,1e+06,1e+06,-0.860155,-0.860155,-0.860155
0.000998,0.000998,0.000998,1e+06,1e+06,1e+06,-0.855012,-0.855012,-0.855012
0.000999,0.000999,0.000999,1e+06,1e+06,1e+06,-0.849783,-0.849783,-0.849783
0.001,0.001,0.001,1e+06,1e+06,1e+06,-0.84447,-0.84447,-0.84447
